,ImageID,Cell Counts,Normalized distance from pia (%),old_names,Animal,Sex,Genotype,Age
0,Seg_DAPI_Stitched-L38102-10_V1_488-Sox9_594_NeuN_647-Olig2_30X_section1.tif_rotated.tif.tif_rotated,250.0,0.0,L38102-10,L38102-10,F,KO,21
1,Seg_DAPI_Stitched-L38102-10_V1_488-Sox9_594_NeuN_647-Olig2_30X_section1.tif_rotated.tif.tif_rotated,489.0,10.0,L38102-10,L38102-10,F,KO,21
2,Seg_DAPI_Stitched-L38102-10_V1_488-Sox9_594_NeuN_647-Olig2_30X_section1.tif_rotated.tif.tif_rotated,623.0,20.0,L38102-10,L38102-10,F,KO,21
3,Seg_DAPI_Stitched-L38102-10_V1_488-Sox9_594_NeuN_647-Olig2_30X_section1.tif_rotated.tif.tif_rotated,659.0,30.0,L38102-10,L38102-10,F,KO,21
4,Seg_DAPI_Stitched-L38102-10_V1_488-Sox9_594_NeuN_647-Olig2_30X_section1.tif_rotated.tif.tif_rotated,698.0,40.0,L38102-10,L38102-10,F,KO,21
5,Seg_DAPI_Stitched-L38102-10_V1_488-Sox9_594_NeuN_647-Olig2_30X_section1.tif_rotated.tif.tif_rotated,578.0,50.0,L38102-10,L38102-10,F,KO,21
6,Seg_DAPI_Stitched-L38102-10_V1_488-Sox9_594_NeuN_647-Olig2_30X_section1.tif_rotated.tif.tif_rotated,580.0,60.0,L38102-10,L38102-10,F,KO,21
7,Seg_DAPI_Stitched-L38102-10_V1_488-Sox9_594_NeuN_647-Olig2_30X_section1.tif_rotated.tif.tif_rotated,587.0,70.0,L38102-10,L38102-10,F,KO,21
8,Seg_DAPI_Stitched-L38102-10_V1_488-Sox9_594_NeuN_647-Olig2_30X_section1.tif_rotated.tif.tif_rotated,639.0,80.0,L38102-10,L38102-10,F,KO,21
9,Seg_DAPI_Stitched-L38102-10_V1_488-Sox9_594_NeuN_647-Olig2_30X_section1.tif_rotated.tif.tif_rotated,645.0,90.0,L38102-10,L38102-10,F,KO,21
0,Seg_DAPI_Stitched-L38102-10_V1_488-Sox9_594_NeuN_647-Olig2_30X_section2.tif_rotated.tif.tif_rotated,338.0,0.0,L38102-10,L38102-10,F,KO,21
1,Seg_DAPI_Stitched-L38102-10_V1_488-Sox9_594_NeuN_647-Olig2_30X_section2.tif_rotated.tif.tif_rotated,535.0,10.0,L38102-10,L38102-10,F,KO,21
2,Seg_DAPI_Stitched-L38102-10_V1_488-Sox9_594_NeuN_647-Olig2_30X_section2.tif_rotated.tif.tif_rotated,651.0,20.0,L38102-10,L38102-10,F,KO,21
3,Seg_DAPI_Stitched-L38102-10_V1_488-Sox9_594_NeuN_647-Olig2_30X_section2.tif_rotated.tif.tif_rotated,684.0,30.0,L38102-10,L38102-10,F,KO,21
4,Seg_DAPI_Stitched-L38102-10_V1_488-Sox9_594_NeuN_647-Olig2_30X_section2.tif_rotated.tif.tif_rotated,692.0,40.0,L38102-10,L38102-10,F,KO,21
5,Seg_DAPI_Stitched-L38102-10_V1_488-Sox9_594_NeuN_647-Olig2_30X_section2.tif_rotated.tif.tif_rotated,595.0,50.0,L38102-10,L38102-10,F,KO,21
6,Seg_DAPI_Stitched-L38102-10_V1_488-Sox9_594_NeuN_647-Olig2_30X_section2.tif_rotated.tif.tif_rotated,603.0,60.0,L38102-10,L38102-10,F,KO,21
7,Seg_DAPI_Stitched-L38102-10_V1_488-Sox9_594_NeuN_647-Olig2_30X_section2.tif_rotated.tif.tif_rotated,588.0,70.0,L38102-10,L38102-10,F,KO,21
8,Seg_DAPI_Stitched-L38102-10_V1_488-Sox9_594_NeuN_647-Olig2_30X_section2.tif_rotated.tif.tif_rotated,641.0,80.0,L38102-10,L38102-10,F,KO,21
9,Seg_DAPI_Stitched-L38102-10_V1_488-Sox9_594_NeuN_647-Olig2_30X_section2.tif_rotated.tif.tif_rotated,646.0,90.0,L38102-10,L38102-10,F,KO,21
0,Seg_DAPI_Stitched-L38102-10_V1_488-Sox9_594_NeuN_647-Olig2_30X_section3.tif_rotated.tif.tif_rotated,336.0,0.0,L38102-10,L38102-10,F,KO,21
1,Seg_DAPI_Stitched-L38102-10_V1_488-Sox9_594_NeuN_647-Olig2_30X_section3.tif_rotated.tif.tif_rotated,546.0,10.0,L38102-10,L38102-10,F,KO,21
2,Seg_DAPI_Stitched-L38102-10_V1_488-Sox9_594_NeuN_647-Olig2_30X_section3.tif_rotated.tif.tif_rotated,663.0,20.0,L38102-10,L38102-10,F,KO,21
3,Seg_DAPI_Stitched-L38102-10_V1_488-Sox9_594_NeuN_647-Olig2_30X_section3.tif_rotated.tif.tif_rotated,680.0,30.0,L38102-10,L38102-10,F,KO,21
4,Seg_DAPI_Stitched-L38102-10_V1_488-Sox9_594_NeuN_647-Olig2_30X_section3.tif_rotated.tif.tif_rotated,679.0,40.0,L38102-10,L38102-10,F,KO,21
5,Seg_DAPI_Stitched-L38102-10_V1_488-Sox9_594_NeuN_647-Olig2_30X_section3.tif_rotated.tif.tif_rotated,592.0,50.0,L38102-10,L38102-10,F,KO,21
6,Seg_DAPI_Stitched-L38102-10_V1_488-Sox9_594_NeuN_647-Olig2_30X_section3.tif_rotated.tif.tif_rotated,593.0,60.0,L38102-10,L38102-10,F,KO,21
7,Seg_DAPI_Stitched-L38102-10_V1_488-Sox9_594_NeuN_647-Olig2_30X_section3.tif_rotated.tif.tif_rotated,608.0,70.0,L38102-10,L38102-10,F,KO,21
8,Seg_DAPI_Stitched-L38102-10_V1_488-Sox9_594_NeuN_647-Olig2_30X_section3.tif_rotated.tif.tif_rotated,640.0,80.0,L38102-10,L38102-10,F,KO,21
9,Seg_DAPI_Stitched-L38102-10_V1_488-Sox9_594_NeuN_647-Olig2_30X_section3.tif_rotated.tif.tif_rotated,636.0,90.0,L38102-10,L38102-10,F,KO,21
0,Seg_DAPI_Stitched-L38102-11_V1_488-Sox9_594_NeuN_647-Olig2_30X_section1_Cy.tif_rotated.tif.tif_rotated,284.0,0.0,L38102-11,L38102-11,F,WT,21
1,Seg_DAPI_Stitched-L38102-11_V1_488-Sox9_594_NeuN_647-Olig2_30X_section1_Cy.tif_rotated.tif.tif_rotated,512.0,10.0,L38102-11,L38102-11,F,WT,21
2,Seg_DAPI_Stitched-L38102-11_V1_488-Sox9_594_NeuN_647-Olig2_30X_section1_Cy.tif_rotated.tif.tif_rotated,659.0,20.0,L38102-11,L38102-11,F,WT,21
3,Seg_DAPI_Stitched-L38102-11_V1_488-Sox9_594_NeuN_647-Olig2_30X_section1_Cy.tif_rotated.tif.tif_rotated,638.0,30.0,L38102-11,L38102-11,F,WT,21
4,Seg_DAPI_Stitched-L38102-11_V1_488-Sox9_594_NeuN_647-Olig2_30X_section1_Cy.tif_rotated.tif.tif_rotated,647.0,40.0,L38102-11,L38102-11,F,WT,21
5,Seg_DAPI_Stitched-L38102-11_V1_488-Sox9_594_NeuN_647-Olig2_30X_section1_Cy.tif_rotated.tif.tif_rotated,604.0,50.0,L38102-11,L38102-11,F,WT,21
6,Seg_DAPI_Stitched-L38102-11_V1_488-Sox9_594_NeuN_647-Olig2_30X_section1_Cy.tif_rotated.tif.tif_rotated,605.0,60.0,L38102-11,L38102-11,F,WT,21
7,Seg_DAPI_Stitched-L38102-11_V1_488-Sox9_594_NeuN_647-Olig2_30X_section1_Cy.tif_rotated.tif.tif_rotated,634.0,70.0,L38102-11,L38102-11,F,WT,21
8,Seg_DAPI_Stitched-L38102-11_V1_488-Sox9_594_NeuN_647-Olig2_30X_section1_Cy.tif_rotated.tif.tif_rotated,658.0,80.0,L38102-11,L38102-11,F,WT,21
9,Seg_DAPI_Stitched-L38102-11_V1_488-Sox9_594_NeuN_647-Olig2_30X_section1_Cy.tif_rotated.tif.tif_rotated,636.0,90.0,L38102-11,L38102-11,F,WT,21
0,Seg_DAPI_Stitched-L38102-11_V1_488-Sox9_594_NeuN_647-Olig2_30X_section2.tif_rotated.tif.tif_rotated,395.0,0.0,L38102-11,L38102-11,F,WT,21
1,Seg_DAPI_Stitched-L38102-11_V1_488-Sox9_594_NeuN_647-Olig2_30X_section2.tif_rotated.tif.tif_rotated,543.0,10.0,L38102-11,L38102-11,F,WT,21
2,Seg_DAPI_Stitched-L38102-11_V1_488-Sox9_594_NeuN_647-Olig2_30X_section2.tif_rotated.tif.tif_rotated,573.0,20.0,L38102-11,L38102-11,F,WT,21
3,Seg_DAPI_Stitched-L38102-11_V1_488-Sox9_594_NeuN_647-Olig2_30X_section2.tif_rotated.tif.tif_rotated,600.0,30.0,L38102-11,L38102-11,F,WT,21
4,Seg_DAPI_Stitched-L38102-11_V1_488-Sox9_594_NeuN_647-Olig2_30X_section2.tif_rotated.tif.tif_rotated,587.0,40.0,L38102-11,L38102-11,F,WT,21
5,Seg_DAPI_Stitched-L38102-11_V1_488-Sox9_594_NeuN_647-Olig2_30X_section2.tif_rotated.tif.tif_rotated,545.0,50.0,L38102-11,L38102-11,F,WT,21
6,Seg_DAPI_Stitched-L38102-11_V1_488-Sox9_594_NeuN_647-Olig2_30X_section2.tif_rotated.tif.tif_rotated,537.0,60.0,L38102-11,L38102-11,F,WT,21
7,Seg_DAPI_Stitched-L38102-11_V1_488-Sox9_594_NeuN_647-Olig2_30X_section2.tif_rotated.tif.tif_rotated,560.0,70.0,L38102-11,L38102-11,F,WT,21
8,Seg_DAPI_Stitched-L38102-11_V1_488-Sox9_594_NeuN_647-Olig2_30X_section2.tif_rotated.tif.tif_rotated,608.0,80.0,L38102-11,L38102-11,F,WT,21
9,Seg_DAPI_Stitched-L38102-11_V1_488-Sox9_594_NeuN_647-Olig2_30X_section2.tif_rotated.tif.tif_rotated,619.0,90.0,L38102-11,L38102-11,F,WT,21
0,Seg_DAPI_Stitched-L38102-11_V1_488-Sox9_594_NeuN_647-Olig2_30X_section3.tif_rotated.tif.tif_rotated,413.0,0.0,L38102-11,L38102-11,F,WT,21
1,Seg_DAPI_Stitched-L38102-11_V1_488-Sox9_594_NeuN_647-Olig2_30X_section3.tif_rotated.tif.tif_rotated,600.0,10.0,L38102-11,L38102-11,F,WT,21
2,Seg_DAPI_Stitched-L38102-11_V1_488-Sox9_594_NeuN_647-Olig2_30X_section3.tif_rotated.tif.tif_rotated,573.0,20.0,L38102-11,L38102-11,F,WT,21
3,Seg_DAPI_Stitched-L38102-11_V1_488-Sox9_594_NeuN_647-Olig2_30X_section3.tif_rotated.tif.tif_rotated,616.0,30.0,L38102-11,L38102-11,F,WT,21
4,Seg_DAPI_Stitched-L38102-11_V1_488-Sox9_594_NeuN_647-Olig2_30X_section3.tif_rotated.tif.tif_rotated,581.0,40.0,L38102-11,L38102-11,F,WT,21
5,Seg_DAPI_Stitched-L38102-11_V1_488-Sox9_594_NeuN_647-Olig2_30X_section3.tif_rotated.tif.tif_rotated,506.0,50.0,L38102-11,L38102-11,F,WT,21
6,Seg_DAPI_Stitched-L38102-11_V1_488-Sox9_594_NeuN_647-Olig2_30X_section3.tif_rotated.tif.tif_rotated,516.0,60.0,L38102-11,L38102-11,F,WT,21
7,Seg_DAPI_Stitched-L38102-11_V1_488-Sox9_594_NeuN_647-Olig2_30X_section3.tif_rotated.tif.tif_rotated,550.0,70.0,L38102-11,L38102-11,F,WT,21
8,Seg_DAPI_Stitched-L38102-11_V1_488-Sox9_594_NeuN_647-Olig2_30X_section3.tif_rotated.tif.tif_rotated,589.0,80.0,L38102-11,L38102-11,F,WT,21
9,Seg_DAPI_Stitched-L38102-11_V1_488-Sox9_594_NeuN_647-Olig2_30X_section3.tif_rotated.tif.tif_rotated,553.0,90.0,L38102-11,L38102-11,F,WT,21
0,Seg_DAPI_Stitched-L38102-3_V1_488-Sox9_594_NeuN_647-Olig2_30X_section1.tif_rotated.tif.tif_rotated,279.0,0.0,L38102-3_,L38102-3,M,WT,21
1,Seg_DAPI_Stitched-L38102-3_V1_488-Sox9_594_NeuN_647-Olig2_30X_section1.tif_rotated.tif.tif_rotated,549.0,10.0,L38102-3_,L38102-3,M,WT,21
2,Seg_DAPI_Stitched-L38102-3_V1_488-Sox9_594_NeuN_647-Olig2_30X_section1.tif_rotated.tif.tif_rotated,571.0,20.0,L38102-3_,L38102-3,M,WT,21
3,Seg_DAPI_Stitched-L38102-3_V1_488-Sox9_594_NeuN_647-Olig2_30X_section1.tif_rotated.tif.tif_rotated,601.0,30.0,L38102-3_,L38102-3,M,WT,21
4,Seg_DAPI_Stitched-L38102-3_V1_488-Sox9_594_NeuN_647-Olig2_30X_section1.tif_rotated.tif.tif_rotated,581.0,40.0,L38102-3_,L38102-3,M,WT,21
5,Seg_DAPI_Stitched-L38102-3_V1_488-Sox9_594_NeuN_647-Olig2_30X_section1.tif_rotated.tif.tif_rotated,569.0,50.0,L38102-3_,L38102-3,M,WT,21
6,Seg_DAPI_Stitched-L38102-3_V1_488-Sox9_594_NeuN_647-Olig2_30X_section1.tif_rotated.tif.tif_rotated,586.0,60.0,L38102-3_,L38102-3,M,WT,21
7,Seg_DAPI_Stitched-L38102-3_V1_488-Sox9_594_NeuN_647-Olig2_30X_section1.tif_rotated.tif.tif_rotated,630.0,70.0,L38102-3_,L38102-3,M,WT,21
8,Seg_DAPI_Stitched-L38102-3_V1_488-Sox9_594_NeuN_647-Olig2_30X_section1.tif_rotated.tif.tif_rotated,708.0,80.0,L38102-3_,L38102-3,M,WT,21
9,Seg_DAPI_Stitched-L38102-3_V1_488-Sox9_594_NeuN_647-Olig2_30X_section1.tif_rotated.tif.tif_rotated,656.0,90.0,L38102-3_,L38102-3,M,WT,21
0,Seg_DAPI_Stitched-L38102-3_V1_488-Sox9_594_NeuN_647-Olig2_30X_section2.tif_rotated.tif.tif_rotated,298.0,0.0,L38102-3_,L38102-3,M,WT,21
1,Seg_DAPI_Stitched-L38102-3_V1_488-Sox9_594_NeuN_647-Olig2_30X_section2.tif_rotated.tif.tif_rotated,539.0,10.0,L38102-3_,L38102-3,M,WT,21
2,Seg_DAPI_Stitched-L38102-3_V1_488-Sox9_594_NeuN_647-Olig2_30X_section2.tif_rotated.tif.tif_rotated,584.0,20.0,L38102-3_,L38102-3,M,WT,21
3,Seg_DAPI_Stitched-L38102-3_V1_488-Sox9_594_NeuN_647-Olig2_30X_section2.tif_rotated.tif.tif_rotated,626.0,30.0,L38102-3_,L38102-3,M,WT,21
4,Seg_DAPI_Stitched-L38102-3_V1_488-Sox9_594_NeuN_647-Olig2_30X_section2.tif_rotated.tif.tif_rotated,625.0,40.0,L38102-3_,L38102-3,M,WT,21
5,Seg_DAPI_Stitched-L38102-3_V1_488-Sox9_594_NeuN_647-Olig2_30X_section2.tif_rotated.tif.tif_rotated,552.0,50.0,L38102-3_,L38102-3,M,WT,21
6,Seg_DAPI_Stitched-L38102-3_V1_488-Sox9_594_NeuN_647-Olig2_30X_section2.tif_rotated.tif.tif_rotated,596.0,60.0,L38102-3_,L38102-3,M,WT,21
7,Seg_DAPI_Stitched-L38102-3_V1_488-Sox9_594_NeuN_647-Olig2_30X_section2.tif_rotated.tif.tif_rotated,686.0,70.0,L38102-3_,L38102-3,M,WT,21
8,Seg_DAPI_Stitched-L38102-3_V1_488-Sox9_594_NeuN_647-Olig2_30X_section2.tif_rotated.tif.tif_rotated,730.0,80.0,L38102-3_,L38102-3,M,WT,21
9,Seg_DAPI_Stitched-L38102-3_V1_488-Sox9_594_NeuN_647-Olig2_30X_section2.tif_rotated.tif.tif_rotated,699.0,90.0,L38102-3_,L38102-3,M,WT,21
0,Seg_DAPI_Stitched-L38102-3_V1_488-Sox9_594_NeuN_647-Olig2_30X_section3.tif_rotated.tif.tif_rotated,284.0,0.0,L38102-3_,L38102-3,M,WT,21
1,Seg_DAPI_Stitched-L38102-3_V1_488-Sox9_594_NeuN_647-Olig2_30X_section3.tif_rotated.tif.tif_rotated,548.0,10.0,L38102-3_,L38102-3,M,WT,21
2,Seg_DAPI_Stitched-L38102-3_V1_488-Sox9_594_NeuN_647-Olig2_30X_section3.tif_rotated.tif.tif_rotated,590.0,20.0,L38102-3_,L38102-3,M,WT,21
3,Seg_DAPI_Stitched-L38102-3_V1_488-Sox9_594_NeuN_647-Olig2_30X_section3.tif_rotated.tif.tif_rotated,621.0,30.0,L38102-3_,L38102-3,M,WT,21
4,Seg_DAPI_Stitched-L38102-3_V1_488-Sox9_594_NeuN_647-Olig2_30X_section3.tif_rotated.tif.tif_rotated,655.0,40.0,L38102-3_,L38102-3,M,WT,21
5,Seg_DAPI_Stitched-L38102-3_V1_488-Sox9_594_NeuN_647-Olig2_30X_section3.tif_rotated.tif.tif_rotated,555.0,50.0,L38102-3_,L38102-3,M,WT,21
6,Seg_DAPI_Stitched-L38102-3_V1_488-Sox9_594_NeuN_647-Olig2_30X_section3.tif_rotated.tif.tif_rotated,560.0,60.0,L38102-3_,L38102-3,M,WT,21
7,Seg_DAPI_Stitched-L38102-3_V1_488-Sox9_594_NeuN_647-Olig2_30X_section3.tif_rotated.tif.tif_rotated,664.0,70.0,L38102-3_,L38102-3,M,WT,21
8,Seg_DAPI_Stitched-L38102-3_V1_488-Sox9_594_NeuN_647-Olig2_30X_section3.tif_rotated.tif.tif_rotated,739.0,80.0,L38102-3_,L38102-3,M,WT,21
9,Seg_DAPI_Stitched-L38102-3_V1_488-Sox9_594_NeuN_647-Olig2_30X_section3.tif_rotated.tif.tif_rotated,639.0,90.0,L38102-3_,L38102-3,M,WT,21
0,Seg_DAPI_Stitched-L38102-4_V1_488-Sox9_594_NeuN_647-Olig2_30X_section1.tif_rotated.tif.tif_rotated,317.0,0.0,L38102-4_,L38102-4,M,KO,21
1,Seg_DAPI_Stitched-L38102-4_V1_488-Sox9_594_NeuN_647-Olig2_30X_section1.tif_rotated.tif.tif_rotated,625.0,10.0,L38102-4_,L38102-4,M,KO,21
2,Seg_DAPI_Stitched-L38102-4_V1_488-Sox9_594_NeuN_647-Olig2_30X_section1.tif_rotated.tif.tif_rotated,638.0,20.0,L38102-4_,L38102-4,M,KO,21
3,Seg_DAPI_Stitched-L38102-4_V1_488-Sox9_594_NeuN_647-Olig2_30X_section1.tif_rotated.tif.tif_rotated,671.0,30.0,L38102-4_,L38102-4,M,KO,21
4,Seg_DAPI_Stitched-L38102-4_V1_488-Sox9_594_NeuN_647-Olig2_30X_section1.tif_rotated.tif.tif_rotated,622.0,40.0,L38102-4_,L38102-4,M,KO,21
5,Seg_DAPI_Stitched-L38102-4_V1_488-Sox9_594_NeuN_647-Olig2_30X_section1.tif_rotated.tif.tif_rotated,536.0,50.0,L38102-4_,L38102-4,M,KO,21
6,Seg_DAPI_Stitched-L38102-4_V1_488-Sox9_594_NeuN_647-Olig2_30X_section1.tif_rotated.tif.tif_rotated,572.0,60.0,L38102-4_,L38102-4,M,KO,21
7,Seg_DAPI_Stitched-L38102-4_V1_488-Sox9_594_NeuN_647-Olig2_30X_section1.tif_rotated.tif.tif_rotated,599.0,70.0,L38102-4_,L38102-4,M,KO,21
8,Seg_DAPI_Stitched-L38102-4_V1_488-Sox9_594_NeuN_647-Olig2_30X_section1.tif_rotated.tif.tif_rotated,675.0,80.0,L38102-4_,L38102-4,M,KO,21
9,Seg_DAPI_Stitched-L38102-4_V1_488-Sox9_594_NeuN_647-Olig2_30X_section1.tif_rotated.tif.tif_rotated,625.0,90.0,L38102-4_,L38102-4,M,KO,21
0,Seg_DAPI_Stitched-L38102-4_V1_488-Sox9_594_NeuN_647-Olig2_30X_section2.tif_rotated.tif.tif_rotated,181.0,0.0,L38102-4_,L38102-4,M,KO,21
1,Seg_DAPI_Stitched-L38102-4_V1_488-Sox9_594_NeuN_647-Olig2_30X_section2.tif_rotated.tif.tif_rotated,498.0,10.0,L38102-4_,L38102-4,M,KO,21
2,Seg_DAPI_Stitched-L38102-4_V1_488-Sox9_594_NeuN_647-Olig2_30X_section2.tif_rotated.tif.tif_rotated,633.0,20.0,L38102-4_,L38102-4,M,KO,21
3,Seg_DAPI_Stitched-L38102-4_V1_488-Sox9_594_NeuN_647-Olig2_30X_section2.tif_rotated.tif.tif_rotated,650.0,30.0,L38102-4_,L38102-4,M,KO,21
4,Seg_DAPI_Stitched-L38102-4_V1_488-Sox9_594_NeuN_647-Olig2_30X_section2.tif_rotated.tif.tif_rotated,615.0,40.0,L38102-4_,L38102-4,M,KO,21
5,Seg_DAPI_Stitched-L38102-4_V1_488-Sox9_594_NeuN_647-Olig2_30X_section2.tif_rotated.tif.tif_rotated,568.0,50.0,L38102-4_,L38102-4,M,KO,21
6,Seg_DAPI_Stitched-L38102-4_V1_488-Sox9_594_NeuN_647-Olig2_30X_section2.tif_rotated.tif.tif_rotated,561.0,60.0,L38102-4_,L38102-4,M,KO,21
7,Seg_DAPI_Stitched-L38102-4_V1_488-Sox9_594_NeuN_647-Olig2_30X_section2.tif_rotated.tif.tif_rotated,580.0,70.0,L38102-4_,L38102-4,M,KO,21
8,Seg_DAPI_Stitched-L38102-4_V1_488-Sox9_594_NeuN_647-Olig2_30X_section2.tif_rotated.tif.tif_rotated,606.0,80.0,L38102-4_,L38102-4,M,KO,21
9,Seg_DAPI_Stitched-L38102-4_V1_488-Sox9_594_NeuN_647-Olig2_30X_section2.tif_rotated.tif.tif_rotated,645.0,90.0,L38102-4_,L38102-4,M,KO,21
0,Seg_DAPI_Stitched-L38102-4_V1_488-Sox9_594_NeuN_647-Olig2_30X_section3.tif_rotated.tif.tif_rotated,333.0,0.0,L38102-4_,L38102-4,M,KO,21
1,Seg_DAPI_Stitched-L38102-4_V1_488-Sox9_594_NeuN_647-Olig2_30X_section3.tif_rotated.tif.tif_rotated,631.0,10.0,L38102-4_,L38102-4,M,KO,21
2,Seg_DAPI_Stitched-L38102-4_V1_488-Sox9_594_NeuN_647-Olig2_30X_section3.tif_rotated.tif.tif_rotated,613.0,20.0,L38102-4_,L38102-4,M,KO,21
3,Seg_DAPI_Stitched-L38102-4_V1_488-Sox9_594_NeuN_647-Olig2_30X_section3.tif_rotated.tif.tif_rotated,654.0,30.0,L38102-4_,L38102-4,M,KO,21
4,Seg_DAPI_Stitched-L38102-4_V1_488-Sox9_594_NeuN_647-Olig2_30X_section3.tif_rotated.tif.tif_rotated,602.0,40.0,L38102-4_,L38102-4,M,KO,21
5,Seg_DAPI_Stitched-L38102-4_V1_488-Sox9_594_NeuN_647-Olig2_30X_section3.tif_rotated.tif.tif_rotated,557.0,50.0,L38102-4_,L38102-4,M,KO,21
6,Seg_DAPI_Stitched-L38102-4_V1_488-Sox9_594_NeuN_647-Olig2_30X_section3.tif_rotated.tif.tif_rotated,580.0,60.0,L38102-4_,L38102-4,M,KO,21
7,Seg_DAPI_Stitched-L38102-4_V1_488-Sox9_594_NeuN_647-Olig2_30X_section3.tif_rotated.tif.tif_rotated,599.0,70.0,L38102-4_,L38102-4,M,KO,21
8,Seg_DAPI_Stitched-L38102-4_V1_488-Sox9_594_NeuN_647-Olig2_30X_section3.tif_rotated.tif.tif_rotated,640.0,80.0,L38102-4_,L38102-4,M,KO,21
9,Seg_DAPI_Stitched-L38102-4_V1_488-Sox9_594_NeuN_647-Olig2_30X_section3.tif_rotated.tif.tif_rotated,634.0,90.0,L38102-4_,L38102-4,M,KO,21
0,Seg_DAPI_Stitched-L40720_1M_V1_488-Sox9_568_NeuN_647-Olig2_30X_section1_A01.tif_rotated.tif.tif_rotated,271.0,0.0,L49501-1F,L40720_1M,M,KO,21
1,Seg_DAPI_Stitched-L40720_1M_V1_488-Sox9_568_NeuN_647-Olig2_30X_section1_A01.tif_rotated.tif.tif_rotated,493.0,10.0,L49501-1F,L40720_1M,M,KO,21
2,Seg_DAPI_Stitched-L40720_1M_V1_488-Sox9_568_NeuN_647-Olig2_30X_section1_A01.tif_rotated.tif.tif_rotated,527.0,20.0,L49501-1F,L40720_1M,M,KO,21
3,Seg_DAPI_Stitched-L40720_1M_V1_488-Sox9_568_NeuN_647-Olig2_30X_section1_A01.tif_rotated.tif.tif_rotated,516.0,30.0,L49501-1F,L40720_1M,M,KO,21
4,Seg_DAPI_Stitched-L40720_1M_V1_488-Sox9_568_NeuN_647-Olig2_30X_section1_A01.tif_rotated.tif.tif_rotated,545.0,40.0,L49501-1F,L40720_1M,M,KO,21
5,Seg_DAPI_Stitched-L40720_1M_V1_488-Sox9_568_NeuN_647-Olig2_30X_section1_A01.tif_rotated.tif.tif_rotated,506.0,50.0,L49501-1F,L40720_1M,M,KO,21
6,Seg_DAPI_Stitched-L40720_1M_V1_488-Sox9_568_NeuN_647-Olig2_30X_section1_A01.tif_rotated.tif.tif_rotated,502.0,60.0,L49501-1F,L40720_1M,M,KO,21
7,Seg_DAPI_Stitched-L40720_1M_V1_488-Sox9_568_NeuN_647-Olig2_30X_section1_A01.tif_rotated.tif.tif_rotated,535.0,70.0,L49501-1F,L40720_1M,M,KO,21
8,Seg_DAPI_Stitched-L40720_1M_V1_488-Sox9_568_NeuN_647-Olig2_30X_section1_A01.tif_rotated.tif.tif_rotated,598.0,80.0,L49501-1F,L40720_1M,M,KO,21
9,Seg_DAPI_Stitched-L40720_1M_V1_488-Sox9_568_NeuN_647-Olig2_30X_section1_A01.tif_rotated.tif.tif_rotated,615.0,90.0,L49501-1F,L40720_1M,M,KO,21
0,Seg_DAPI_Stitched-L40720_1M_V1_488-Sox9_568_NeuN_647-Olig2_30X_section2_A01.tif_rotated.tif.tif_rotated,235.0,0.0,L49501-1F,L40720_1M,M,KO,21
1,Seg_DAPI_Stitched-L40720_1M_V1_488-Sox9_568_NeuN_647-Olig2_30X_section2_A01.tif_rotated.tif.tif_rotated,418.0,10.0,L49501-1F,L40720_1M,M,KO,21
2,Seg_DAPI_Stitched-L40720_1M_V1_488-Sox9_568_NeuN_647-Olig2_30X_section2_A01.tif_rotated.tif.tif_rotated,512.0,20.0,L49501-1F,L40720_1M,M,KO,21
3,Seg_DAPI_Stitched-L40720_1M_V1_488-Sox9_568_NeuN_647-Olig2_30X_section2_A01.tif_rotated.tif.tif_rotated,530.0,30.0,L49501-1F,L40720_1M,M,KO,21
4,Seg_DAPI_Stitched-L40720_1M_V1_488-Sox9_568_NeuN_647-Olig2_30X_section2_A01.tif_rotated.tif.tif_rotated,497.0,40.0,L49501-1F,L40720_1M,M,KO,21
5,Seg_DAPI_Stitched-L40720_1M_V1_488-Sox9_568_NeuN_647-Olig2_30X_section2_A01.tif_rotated.tif.tif_rotated,445.0,50.0,L49501-1F,L40720_1M,M,KO,21
6,Seg_DAPI_Stitched-L40720_1M_V1_488-Sox9_568_NeuN_647-Olig2_30X_section2_A01.tif_rotated.tif.tif_rotated,466.0,60.0,L49501-1F,L40720_1M,M,KO,21
7,Seg_DAPI_Stitched-L40720_1M_V1_488-Sox9_568_NeuN_647-Olig2_30X_section2_A01.tif_rotated.tif.tif_rotated,496.0,70.0,L49501-1F,L40720_1M,M,KO,21
8,Seg_DAPI_Stitched-L40720_1M_V1_488-Sox9_568_NeuN_647-Olig2_30X_section2_A01.tif_rotated.tif.tif_rotated,528.0,80.0,L49501-1F,L40720_1M,M,KO,21
9,Seg_DAPI_Stitched-L40720_1M_V1_488-Sox9_568_NeuN_647-Olig2_30X_section2_A01.tif_rotated.tif.tif_rotated,608.0,90.0,L49501-1F,L40720_1M,M,KO,21
0,Seg_DAPI_Stitched-L40720_1M_V1_488-Sox9_568_NeuN_647-Olig2_30X_section3_A01.tif_rotated.tif.tif_rotated,223.0,0.0,L49501-1F,L40720_1M,M,KO,21
1,Seg_DAPI_Stitched-L40720_1M_V1_488-Sox9_568_NeuN_647-Olig2_30X_section3_A01.tif_rotated.tif.tif_rotated,424.0,10.0,L49501-1F,L40720_1M,M,KO,21
2,Seg_DAPI_Stitched-L40720_1M_V1_488-Sox9_568_NeuN_647-Olig2_30X_section3_A01.tif_rotated.tif.tif_rotated,518.0,20.0,L49501-1F,L40720_1M,M,KO,21
3,Seg_DAPI_Stitched-L40720_1M_V1_488-Sox9_568_NeuN_647-Olig2_30X_section3_A01.tif_rotated.tif.tif_rotated,530.0,30.0,L49501-1F,L40720_1M,M,KO,21
4,Seg_DAPI_Stitched-L40720_1M_V1_488-Sox9_568_NeuN_647-Olig2_30X_section3_A01.tif_rotated.tif.tif_rotated,497.0,40.0,L49501-1F,L40720_1M,M,KO,21
5,Seg_DAPI_Stitched-L40720_1M_V1_488-Sox9_568_NeuN_647-Olig2_30X_section3_A01.tif_rotated.tif.tif_rotated,477.0,50.0,L49501-1F,L40720_1M,M,KO,21
6,Seg_DAPI_Stitched-L40720_1M_V1_488-Sox9_568_NeuN_647-Olig2_30X_section3_A01.tif_rotated.tif.tif_rotated,501.0,60.0,L49501-1F,L40720_1M,M,KO,21
7,Seg_DAPI_Stitched-L40720_1M_V1_488-Sox9_568_NeuN_647-Olig2_30X_section3_A01.tif_rotated.tif.tif_rotated,509.0,70.0,L49501-1F,L40720_1M,M,KO,21
8,Seg_DAPI_Stitched-L40720_1M_V1_488-Sox9_568_NeuN_647-Olig2_30X_section3_A01.tif_rotated.tif.tif_rotated,544.0,80.0,L49501-1F,L40720_1M,M,KO,21
9,Seg_DAPI_Stitched-L40720_1M_V1_488-Sox9_568_NeuN_647-Olig2_30X_section3_A01.tif_rotated.tif.tif_rotated,609.0,90.0,L49501-1F,L40720_1M,M,KO,21
0,Seg_DAPI_Stitched-L40720_2M_V1_488-Sox9_568_NeuN_647-Olig2_30X_section1_A01.tif_rotated.tif.tif_rotated,239.0,0.0,L40720_2M,L40720_2M,M,WT,21
1,Seg_DAPI_Stitched-L40720_2M_V1_488-Sox9_568_NeuN_647-Olig2_30X_section1_A01.tif_rotated.tif.tif_rotated,459.0,10.0,L40720_2M,L40720_2M,M,WT,21
2,Seg_DAPI_Stitched-L40720_2M_V1_488-Sox9_568_NeuN_647-Olig2_30X_section1_A01.tif_rotated.tif.tif_rotated,531.0,20.0,L40720_2M,L40720_2M,M,WT,21
3,Seg_DAPI_Stitched-L40720_2M_V1_488-Sox9_568_NeuN_647-Olig2_30X_section1_A01.tif_rotated.tif.tif_rotated,564.0,30.0,L40720_2M,L40720_2M,M,WT,21
4,Seg_DAPI_Stitched-L40720_2M_V1_488-Sox9_568_NeuN_647-Olig2_30X_section1_A01.tif_rotated.tif.tif_rotated,515.0,40.0,L40720_2M,L40720_2M,M,WT,21
5,Seg_DAPI_Stitched-L40720_2M_V1_488-Sox9_568_NeuN_647-Olig2_30X_section1_A01.tif_rotated.tif.tif_rotated,481.0,50.0,L40720_2M,L40720_2M,M,WT,21
6,Seg_DAPI_Stitched-L40720_2M_V1_488-Sox9_568_NeuN_647-Olig2_30X_section1_A01.tif_rotated.tif.tif_rotated,482.0,60.0,L40720_2M,L40720_2M,M,WT,21
7,Seg_DAPI_Stitched-L40720_2M_V1_488-Sox9_568_NeuN_647-Olig2_30X_section1_A01.tif_rotated.tif.tif_rotated,534.0,70.0,L40720_2M,L40720_2M,M,WT,21
8,Seg_DAPI_Stitched-L40720_2M_V1_488-Sox9_568_NeuN_647-Olig2_30X_section1_A01.tif_rotated.tif.tif_rotated,557.0,80.0,L40720_2M,L40720_2M,M,WT,21
9,Seg_DAPI_Stitched-L40720_2M_V1_488-Sox9_568_NeuN_647-Olig2_30X_section1_A01.tif_rotated.tif.tif_rotated,595.0,90.0,L40720_2M,L40720_2M,M,WT,21
0,Seg_DAPI_Stitched-L40720_2M_V1_488-Sox9_568_NeuN_647-Olig2_30X_section2_A01.tif_rotated.tif.tif_rotated,408.0,0.0,L40720_2M,L40720_2M,M,WT,21
1,Seg_DAPI_Stitched-L40720_2M_V1_488-Sox9_568_NeuN_647-Olig2_30X_section2_A01.tif_rotated.tif.tif_rotated,543.0,10.0,L40720_2M,L40720_2M,M,WT,21
2,Seg_DAPI_Stitched-L40720_2M_V1_488-Sox9_568_NeuN_647-Olig2_30X_section2_A01.tif_rotated.tif.tif_rotated,520.0,20.0,L40720_2M,L40720_2M,M,WT,21
3,Seg_DAPI_Stitched-L40720_2M_V1_488-Sox9_568_NeuN_647-Olig2_30X_section2_A01.tif_rotated.tif.tif_rotated,459.0,30.0,L40720_2M,L40720_2M,M,WT,21
4,Seg_DAPI_Stitched-L40720_2M_V1_488-Sox9_568_NeuN_647-Olig2_30X_section2_A01.tif_rotated.tif.tif_rotated,452.0,40.0,L40720_2M,L40720_2M,M,WT,21
5,Seg_DAPI_Stitched-L40720_2M_V1_488-Sox9_568_NeuN_647-Olig2_30X_section2_A01.tif_rotated.tif.tif_rotated,474.0,50.0,L40720_2M,L40720_2M,M,WT,21
6,Seg_DAPI_Stitched-L40720_2M_V1_488-Sox9_568_NeuN_647-Olig2_30X_section2_A01.tif_rotated.tif.tif_rotated,472.0,60.0,L40720_2M,L40720_2M,M,WT,21
7,Seg_DAPI_Stitched-L40720_2M_V1_488-Sox9_568_NeuN_647-Olig2_30X_section2_A01.tif_rotated.tif.tif_rotated,516.0,70.0,L40720_2M,L40720_2M,M,WT,21
8,Seg_DAPI_Stitched-L40720_2M_V1_488-Sox9_568_NeuN_647-Olig2_30X_section2_A01.tif_rotated.tif.tif_rotated,552.0,80.0,L40720_2M,L40720_2M,M,WT,21
9,Seg_DAPI_Stitched-L40720_2M_V1_488-Sox9_568_NeuN_647-Olig2_30X_section2_A01.tif_rotated.tif.tif_rotated,565.0,90.0,L40720_2M,L40720_2M,M,WT,21
0,Seg_DAPI_Stitched-L40720_2M_V1_488-Sox9_568_NeuN_647-Olig2_30X_section3_A01.tif_rotated.tif.tif_rotated,294.0,0.0,L40720_2M,L40720_2M,M,WT,21
1,Seg_DAPI_Stitched-L40720_2M_V1_488-Sox9_568_NeuN_647-Olig2_30X_section3_A01.tif_rotated.tif.tif_rotated,516.0,10.0,L40720_2M,L40720_2M,M,WT,21
2,Seg_DAPI_Stitched-L40720_2M_V1_488-Sox9_568_NeuN_647-Olig2_30X_section3_A01.tif_rotated.tif.tif_rotated,515.0,20.0,L40720_2M,L40720_2M,M,WT,21
3,Seg_DAPI_Stitched-L40720_2M_V1_488-Sox9_568_NeuN_647-Olig2_30X_section3_A01.tif_rotated.tif.tif_rotated,538.0,30.0,L40720_2M,L40720_2M,M,WT,21
4,Seg_DAPI_Stitched-L40720_2M_V1_488-Sox9_568_NeuN_647-Olig2_30X_section3_A01.tif_rotated.tif.tif_rotated,483.0,40.0,L40720_2M,L40720_2M,M,WT,21
5,Seg_DAPI_Stitched-L40720_2M_V1_488-Sox9_568_NeuN_647-Olig2_30X_section3_A01.tif_rotated.tif.tif_rotated,487.0,50.0,L40720_2M,L40720_2M,M,WT,21
6,Seg_DAPI_Stitched-L40720_2M_V1_488-Sox9_568_NeuN_647-Olig2_30X_section3_A01.tif_rotated.tif.tif_rotated,449.0,60.0,L40720_2M,L40720_2M,M,WT,21
7,Seg_DAPI_Stitched-L40720_2M_V1_488-Sox9_568_NeuN_647-Olig2_30X_section3_A01.tif_rotated.tif.tif_rotated,481.0,70.0,L40720_2M,L40720_2M,M,WT,21
8,Seg_DAPI_Stitched-L40720_2M_V1_488-Sox9_568_NeuN_647-Olig2_30X_section3_A01.tif_rotated.tif.tif_rotated,507.0,80.0,L40720_2M,L40720_2M,M,WT,21
9,Seg_DAPI_Stitched-L40720_2M_V1_488-Sox9_568_NeuN_647-Olig2_30X_section3_A01.tif_rotated.tif.tif_rotated,578.0,90.0,L40720_2M,L40720_2M,M,WT,21
0,Seg_DAPI_Stitched-L40720_5F_V1_488-Sox9_568_NeuN_647-Olig2_30X_section1_A01.tif_rotated.tif.tif_rotated,181.0,0.0,L40720_5F,L40720_5F,F,KO,21
1,Seg_DAPI_Stitched-L40720_5F_V1_488-Sox9_568_NeuN_647-Olig2_30X_section1_A01.tif_rotated.tif.tif_rotated,391.0,10.0,L40720_5F,L40720_5F,F,KO,21
2,Seg_DAPI_Stitched-L40720_5F_V1_488-Sox9_568_NeuN_647-Olig2_30X_section1_A01.tif_rotated.tif.tif_rotated,417.0,20.0,L40720_5F,L40720_5F,F,KO,21
3,Seg_DAPI_Stitched-L40720_5F_V1_488-Sox9_568_NeuN_647-Olig2_30X_section1_A01.tif_rotated.tif.tif_rotated,466.0,30.0,L40720_5F,L40720_5F,F,KO,21
4,Seg_DAPI_Stitched-L40720_5F_V1_488-Sox9_568_NeuN_647-Olig2_30X_section1_A01.tif_rotated.tif.tif_rotated,508.0,40.0,L40720_5F,L40720_5F,F,KO,21
5,Seg_DAPI_Stitched-L40720_5F_V1_488-Sox9_568_NeuN_647-Olig2_30X_section1_A01.tif_rotated.tif.tif_rotated,458.0,50.0,L40720_5F,L40720_5F,F,KO,21
6,Seg_DAPI_Stitched-L40720_5F_V1_488-Sox9_568_NeuN_647-Olig2_30X_section1_A01.tif_rotated.tif.tif_rotated,483.0,60.0,L40720_5F,L40720_5F,F,KO,21
7,Seg_DAPI_Stitched-L40720_5F_V1_488-Sox9_568_NeuN_647-Olig2_30X_section1_A01.tif_rotated.tif.tif_rotated,492.0,70.0,L40720_5F,L40720_5F,F,KO,21
8,Seg_DAPI_Stitched-L40720_5F_V1_488-Sox9_568_NeuN_647-Olig2_30X_section1_A01.tif_rotated.tif.tif_rotated,505.0,80.0,L40720_5F,L40720_5F,F,KO,21
9,Seg_DAPI_Stitched-L40720_5F_V1_488-Sox9_568_NeuN_647-Olig2_30X_section1_A01.tif_rotated.tif.tif_rotated,555.0,90.0,L40720_5F,L40720_5F,F,KO,21
0,Seg_DAPI_Stitched-L40720_5F_V1_488-Sox9_568_NeuN_647-Olig2_30X_section2_A01.tif_rotated.tif.tif_rotated,268.0,0.0,L40720_5F,L40720_5F,F,KO,21
1,Seg_DAPI_Stitched-L40720_5F_V1_488-Sox9_568_NeuN_647-Olig2_30X_section2_A01.tif_rotated.tif.tif_rotated,471.0,10.0,L40720_5F,L40720_5F,F,KO,21
2,Seg_DAPI_Stitched-L40720_5F_V1_488-Sox9_568_NeuN_647-Olig2_30X_section2_A01.tif_rotated.tif.tif_rotated,519.0,20.0,L40720_5F,L40720_5F,F,KO,21
3,Seg_DAPI_Stitched-L40720_5F_V1_488-Sox9_568_NeuN_647-Olig2_30X_section2_A01.tif_rotated.tif.tif_rotated,527.0,30.0,L40720_5F,L40720_5F,F,KO,21
4,Seg_DAPI_Stitched-L40720_5F_V1_488-Sox9_568_NeuN_647-Olig2_30X_section2_A01.tif_rotated.tif.tif_rotated,535.0,40.0,L40720_5F,L40720_5F,F,KO,21
5,Seg_DAPI_Stitched-L40720_5F_V1_488-Sox9_568_NeuN_647-Olig2_30X_section2_A01.tif_rotated.tif.tif_rotated,457.0,50.0,L40720_5F,L40720_5F,F,KO,21
6,Seg_DAPI_Stitched-L40720_5F_V1_488-Sox9_568_NeuN_647-Olig2_30X_section2_A01.tif_rotated.tif.tif_rotated,491.0,60.0,L40720_5F,L40720_5F,F,KO,21
7,Seg_DAPI_Stitched-L40720_5F_V1_488-Sox9_568_NeuN_647-Olig2_30X_section2_A01.tif_rotated.tif.tif_rotated,547.0,70.0,L40720_5F,L40720_5F,F,KO,21
8,Seg_DAPI_Stitched-L40720_5F_V1_488-Sox9_568_NeuN_647-Olig2_30X_section2_A01.tif_rotated.tif.tif_rotated,580.0,80.0,L40720_5F,L40720_5F,F,KO,21
9,Seg_DAPI_Stitched-L40720_5F_V1_488-Sox9_568_NeuN_647-Olig2_30X_section2_A01.tif_rotated.tif.tif_rotated,612.0,90.0,L40720_5F,L40720_5F,F,KO,21
0,Seg_DAPI_Stitched-L40720_5F_V1_488-Sox9_568_NeuN_647-Olig2_30X_section3_A01.tif_rotated.tif.tif_rotated,197.0,0.0,L40720_5F,L40720_5F,F,KO,21
1,Seg_DAPI_Stitched-L40720_5F_V1_488-Sox9_568_NeuN_647-Olig2_30X_section3_A01.tif_rotated.tif.tif_rotated,442.0,10.0,L40720_5F,L40720_5F,F,KO,21
2,Seg_DAPI_Stitched-L40720_5F_V1_488-Sox9_568_NeuN_647-Olig2_30X_section3_A01.tif_rotated.tif.tif_rotated,508.0,20.0,L40720_5F,L40720_5F,F,KO,21
3,Seg_DAPI_Stitched-L40720_5F_V1_488-Sox9_568_NeuN_647-Olig2_30X_section3_A01.tif_rotated.tif.tif_rotated,532.0,30.0,L40720_5F,L40720_5F,F,KO,21
4,Seg_DAPI_Stitched-L40720_5F_V1_488-Sox9_568_NeuN_647-Olig2_30X_section3_A01.tif_rotated.tif.tif_rotated,501.0,40.0,L40720_5F,L40720_5F,F,KO,21
5,Seg_DAPI_Stitched-L40720_5F_V1_488-Sox9_568_NeuN_647-Olig2_30X_section3_A01.tif_rotated.tif.tif_rotated,474.0,50.0,L40720_5F,L40720_5F,F,KO,21
6,Seg_DAPI_Stitched-L40720_5F_V1_488-Sox9_568_NeuN_647-Olig2_30X_section3_A01.tif_rotated.tif.tif_rotated,450.0,60.0,L40720_5F,L40720_5F,F,KO,21
7,Seg_DAPI_Stitched-L40720_5F_V1_488-Sox9_568_NeuN_647-Olig2_30X_section3_A01.tif_rotated.tif.tif_rotated,495.0,70.0,L40720_5F,L40720_5F,F,KO,21
8,Seg_DAPI_Stitched-L40720_5F_V1_488-Sox9_568_NeuN_647-Olig2_30X_section3_A01.tif_rotated.tif.tif_rotated,533.0,80.0,L40720_5F,L40720_5F,F,KO,21
9,Seg_DAPI_Stitched-L40720_5F_V1_488-Sox9_568_NeuN_647-Olig2_30X_section3_A01.tif_rotated.tif.tif_rotated,616.0,90.0,L40720_5F,L40720_5F,F,KO,21
0,Seg_DAPI_Stitched-L40720_7F_V1_488-Sox9_568_NeuN_647-Olig2_30X_section1_A01.tif_rotated.tif.tif_rotated,209.0,0.0,L40720_7F,L40720_7F,F,WT,21
1,Seg_DAPI_Stitched-L40720_7F_V1_488-Sox9_568_NeuN_647-Olig2_30X_section1_A01.tif_rotated.tif.tif_rotated,421.0,10.0,L40720_7F,L40720_7F,F,WT,21
2,Seg_DAPI_Stitched-L40720_7F_V1_488-Sox9_568_NeuN_647-Olig2_30X_section1_A01.tif_rotated.tif.tif_rotated,462.0,20.0,L40720_7F,L40720_7F,F,WT,21
3,Seg_DAPI_Stitched-L40720_7F_V1_488-Sox9_568_NeuN_647-Olig2_30X_section1_A01.tif_rotated.tif.tif_rotated,468.0,30.0,L40720_7F,L40720_7F,F,WT,21
4,Seg_DAPI_Stitched-L40720_7F_V1_488-Sox9_568_NeuN_647-Olig2_30X_section1_A01.tif_rotated.tif.tif_rotated,514.0,40.0,L40720_7F,L40720_7F,F,WT,21
5,Seg_DAPI_Stitched-L40720_7F_V1_488-Sox9_568_NeuN_647-Olig2_30X_section1_A01.tif_rotated.tif.tif_rotated,449.0,50.0,L40720_7F,L40720_7F,F,WT,21
6,Seg_DAPI_Stitched-L40720_7F_V1_488-Sox9_568_NeuN_647-Olig2_30X_section1_A01.tif_rotated.tif.tif_rotated,444.0,60.0,L40720_7F,L40720_7F,F,WT,21
7,Seg_DAPI_Stitched-L40720_7F_V1_488-Sox9_568_NeuN_647-Olig2_30X_section1_A01.tif_rotated.tif.tif_rotated,482.0,70.0,L40720_7F,L40720_7F,F,WT,21
8,Seg_DAPI_Stitched-L40720_7F_V1_488-Sox9_568_NeuN_647-Olig2_30X_section1_A01.tif_rotated.tif.tif_rotated,552.0,80.0,L40720_7F,L40720_7F,F,WT,21
9,Seg_DAPI_Stitched-L40720_7F_V1_488-Sox9_568_NeuN_647-Olig2_30X_section1_A01.tif_rotated.tif.tif_rotated,590.0,90.0,L40720_7F,L40720_7F,F,WT,21
0,Seg_DAPI_Stitched-L40720_7F_V1_488-Sox9_568_NeuN_647-Olig2_30X_section2_A01.tif_rotated.tif.tif_rotated,364.0,0.0,L40720_7F,L40720_7F,F,WT,21
1,Seg_DAPI_Stitched-L40720_7F_V1_488-Sox9_568_NeuN_647-Olig2_30X_section2_A01.tif_rotated.tif.tif_rotated,492.0,10.0,L40720_7F,L40720_7F,F,WT,21
2,Seg_DAPI_Stitched-L40720_7F_V1_488-Sox9_568_NeuN_647-Olig2_30X_section2_A01.tif_rotated.tif.tif_rotated,527.0,20.0,L40720_7F,L40720_7F,F,WT,21
3,Seg_DAPI_Stitched-L40720_7F_V1_488-Sox9_568_NeuN_647-Olig2_30X_section2_A01.tif_rotated.tif.tif_rotated,565.0,30.0,L40720_7F,L40720_7F,F,WT,21
4,Seg_DAPI_Stitched-L40720_7F_V1_488-Sox9_568_NeuN_647-Olig2_30X_section2_A01.tif_rotated.tif.tif_rotated,523.0,40.0,L40720_7F,L40720_7F,F,WT,21
5,Seg_DAPI_Stitched-L40720_7F_V1_488-Sox9_568_NeuN_647-Olig2_30X_section2_A01.tif_rotated.tif.tif_rotated,498.0,50.0,L40720_7F,L40720_7F,F,WT,21
6,Seg_DAPI_Stitched-L40720_7F_V1_488-Sox9_568_NeuN_647-Olig2_30X_section2_A01.tif_rotated.tif.tif_rotated,501.0,60.0,L40720_7F,L40720_7F,F,WT,21
7,Seg_DAPI_Stitched-L40720_7F_V1_488-Sox9_568_NeuN_647-Olig2_30X_section2_A01.tif_rotated.tif.tif_rotated,528.0,70.0,L40720_7F,L40720_7F,F,WT,21
8,Seg_DAPI_Stitched-L40720_7F_V1_488-Sox9_568_NeuN_647-Olig2_30X_section2_A01.tif_rotated.tif.tif_rotated,588.0,80.0,L40720_7F,L40720_7F,F,WT,21
9,Seg_DAPI_Stitched-L40720_7F_V1_488-Sox9_568_NeuN_647-Olig2_30X_section2_A01.tif_rotated.tif.tif_rotated,591.0,90.0,L40720_7F,L40720_7F,F,WT,21
0,Seg_DAPI_Stitched-L40720_7F_V1_488-Sox9_568_NeuN_647-Olig2_30X_section3_A01.tif_rotated.tif.tif_rotated,225.0,0.0,L40720_7F,L40720_7F,F,WT,21
1,Seg_DAPI_Stitched-L40720_7F_V1_488-Sox9_568_NeuN_647-Olig2_30X_section3_A01.tif_rotated.tif.tif_rotated,436.0,10.0,L40720_7F,L40720_7F,F,WT,21
2,Seg_DAPI_Stitched-L40720_7F_V1_488-Sox9_568_NeuN_647-Olig2_30X_section3_A01.tif_rotated.tif.tif_rotated,493.0,20.0,L40720_7F,L40720_7F,F,WT,21
3,Seg_DAPI_Stitched-L40720_7F_V1_488-Sox9_568_NeuN_647-Olig2_30X_section3_A01.tif_rotated.tif.tif_rotated,500.0,30.0,L40720_7F,L40720_7F,F,WT,21
4,Seg_DAPI_Stitched-L40720_7F_V1_488-Sox9_568_NeuN_647-Olig2_30X_section3_A01.tif_rotated.tif.tif_rotated,488.0,40.0,L40720_7F,L40720_7F,F,WT,21
5,Seg_DAPI_Stitched-L40720_7F_V1_488-Sox9_568_NeuN_647-Olig2_30X_section3_A01.tif_rotated.tif.tif_rotated,464.0,50.0,L40720_7F,L40720_7F,F,WT,21
6,Seg_DAPI_Stitched-L40720_7F_V1_488-Sox9_568_NeuN_647-Olig2_30X_section3_A01.tif_rotated.tif.tif_rotated,463.0,60.0,L40720_7F,L40720_7F,F,WT,21
7,Seg_DAPI_Stitched-L40720_7F_V1_488-Sox9_568_NeuN_647-Olig2_30X_section3_A01.tif_rotated.tif.tif_rotated,505.0,70.0,L40720_7F,L40720_7F,F,WT,21
8,Seg_DAPI_Stitched-L40720_7F_V1_488-Sox9_568_NeuN_647-Olig2_30X_section3_A01.tif_rotated.tif.tif_rotated,539.0,80.0,L40720_7F,L40720_7F,F,WT,21
9,Seg_DAPI_Stitched-L40720_7F_V1_488-Sox9_568_NeuN_647-Olig2_30X_section3_A01.tif_rotated.tif.tif_rotated,580.0,90.0,L40720_7F,L40720_7F,F,WT,21
0,Seg_DAPI_Stitched-L41180_2F_V1_488-Sox9_568_NeuN_647-Olig2_30X_section1_A01.tif_rotated.tif.tif_rotated,238.0,0.0,L41180_2F,L41180_2F,F,WT,21
1,Seg_DAPI_Stitched-L41180_2F_V1_488-Sox9_568_NeuN_647-Olig2_30X_section1_A01.tif_rotated.tif.tif_rotated,514.0,10.0,L41180_2F,L41180_2F,F,WT,21
2,Seg_DAPI_Stitched-L41180_2F_V1_488-Sox9_568_NeuN_647-Olig2_30X_section1_A01.tif_rotated.tif.tif_rotated,564.0,20.0,L41180_2F,L41180_2F,F,WT,21
3,Seg_DAPI_Stitched-L41180_2F_V1_488-Sox9_568_NeuN_647-Olig2_30X_section1_A01.tif_rotated.tif.tif_rotated,582.0,30.0,L41180_2F,L41180_2F,F,WT,21
4,Seg_DAPI_Stitched-L41180_2F_V1_488-Sox9_568_NeuN_647-Olig2_30X_section1_A01.tif_rotated.tif.tif_rotated,535.0,40.0,L41180_2F,L41180_2F,F,WT,21
5,Seg_DAPI_Stitched-L41180_2F_V1_488-Sox9_568_NeuN_647-Olig2_30X_section1_A01.tif_rotated.tif.tif_rotated,524.0,50.0,L41180_2F,L41180_2F,F,WT,21
6,Seg_DAPI_Stitched-L41180_2F_V1_488-Sox9_568_NeuN_647-Olig2_30X_section1_A01.tif_rotated.tif.tif_rotated,547.0,60.0,L41180_2F,L41180_2F,F,WT,21
7,Seg_DAPI_Stitched-L41180_2F_V1_488-Sox9_568_NeuN_647-Olig2_30X_section1_A01.tif_rotated.tif.tif_rotated,644.0,70.0,L41180_2F,L41180_2F,F,WT,21
8,Seg_DAPI_Stitched-L41180_2F_V1_488-Sox9_568_NeuN_647-Olig2_30X_section1_A01.tif_rotated.tif.tif_rotated,669.0,80.0,L41180_2F,L41180_2F,F,WT,21
9,Seg_DAPI_Stitched-L41180_2F_V1_488-Sox9_568_NeuN_647-Olig2_30X_section1_A01.tif_rotated.tif.tif_rotated,637.0,90.0,L41180_2F,L41180_2F,F,WT,21
0,Seg_DAPI_Stitched-L41180_2F_V1_488-Sox9_568_NeuN_647-Olig2_30X_section2_A01.tif_rotated.tif.tif_rotated,235.0,0.0,L41180_2F,L41180_2F,F,WT,21
1,Seg_DAPI_Stitched-L41180_2F_V1_488-Sox9_568_NeuN_647-Olig2_30X_section2_A01.tif_rotated.tif.tif_rotated,452.0,10.0,L41180_2F,L41180_2F,F,WT,21
2,Seg_DAPI_Stitched-L41180_2F_V1_488-Sox9_568_NeuN_647-Olig2_30X_section2_A01.tif_rotated.tif.tif_rotated,557.0,20.0,L41180_2F,L41180_2F,F,WT,21
3,Seg_DAPI_Stitched-L41180_2F_V1_488-Sox9_568_NeuN_647-Olig2_30X_section2_A01.tif_rotated.tif.tif_rotated,600.0,30.0,L41180_2F,L41180_2F,F,WT,21
4,Seg_DAPI_Stitched-L41180_2F_V1_488-Sox9_568_NeuN_647-Olig2_30X_section2_A01.tif_rotated.tif.tif_rotated,533.0,40.0,L41180_2F,L41180_2F,F,WT,21
5,Seg_DAPI_Stitched-L41180_2F_V1_488-Sox9_568_NeuN_647-Olig2_30X_section2_A01.tif_rotated.tif.tif_rotated,539.0,50.0,L41180_2F,L41180_2F,F,WT,21
6,Seg_DAPI_Stitched-L41180_2F_V1_488-Sox9_568_NeuN_647-Olig2_30X_section2_A01.tif_rotated.tif.tif_rotated,538.0,60.0,L41180_2F,L41180_2F,F,WT,21
7,Seg_DAPI_Stitched-L41180_2F_V1_488-Sox9_568_NeuN_647-Olig2_30X_section2_A01.tif_rotated.tif.tif_rotated,609.0,70.0,L41180_2F,L41180_2F,F,WT,21
8,Seg_DAPI_Stitched-L41180_2F_V1_488-Sox9_568_NeuN_647-Olig2_30X_section2_A01.tif_rotated.tif.tif_rotated,659.0,80.0,L41180_2F,L41180_2F,F,WT,21
9,Seg_DAPI_Stitched-L41180_2F_V1_488-Sox9_568_NeuN_647-Olig2_30X_section2_A01.tif_rotated.tif.tif_rotated,683.0,90.0,L41180_2F,L41180_2F,F,WT,21
0,Seg_DAPI_Stitched-L41180_2F_V1_488-Sox9_568_NeuN_647-Olig2_30X_section3_A01.tif_rotated.tif.tif_rotated,269.0,0.0,L41180_2F,L41180_2F,F,WT,21
1,Seg_DAPI_Stitched-L41180_2F_V1_488-Sox9_568_NeuN_647-Olig2_30X_section3_A01.tif_rotated.tif.tif_rotated,510.0,10.0,L41180_2F,L41180_2F,F,WT,21
2,Seg_DAPI_Stitched-L41180_2F_V1_488-Sox9_568_NeuN_647-Olig2_30X_section3_A01.tif_rotated.tif.tif_rotated,583.0,20.0,L41180_2F,L41180_2F,F,WT,21
3,Seg_DAPI_Stitched-L41180_2F_V1_488-Sox9_568_NeuN_647-Olig2_30X_section3_A01.tif_rotated.tif.tif_rotated,614.0,30.0,L41180_2F,L41180_2F,F,WT,21
4,Seg_DAPI_Stitched-L41180_2F_V1_488-Sox9_568_NeuN_647-Olig2_30X_section3_A01.tif_rotated.tif.tif_rotated,592.0,40.0,L41180_2F,L41180_2F,F,WT,21
5,Seg_DAPI_Stitched-L41180_2F_V1_488-Sox9_568_NeuN_647-Olig2_30X_section3_A01.tif_rotated.tif.tif_rotated,558.0,50.0,L41180_2F,L41180_2F,F,WT,21
6,Seg_DAPI_Stitched-L41180_2F_V1_488-Sox9_568_NeuN_647-Olig2_30X_section3_A01.tif_rotated.tif.tif_rotated,520.0,60.0,L41180_2F,L41180_2F,F,WT,21
7,Seg_DAPI_Stitched-L41180_2F_V1_488-Sox9_568_NeuN_647-Olig2_30X_section3_A01.tif_rotated.tif.tif_rotated,605.0,70.0,L41180_2F,L41180_2F,F,WT,21
8,Seg_DAPI_Stitched-L41180_2F_V1_488-Sox9_568_NeuN_647-Olig2_30X_section3_A01.tif_rotated.tif.tif_rotated,685.0,80.0,L41180_2F,L41180_2F,F,WT,21
9,Seg_DAPI_Stitched-L41180_2F_V1_488-Sox9_568_NeuN_647-Olig2_30X_section3_A01.tif_rotated.tif.tif_rotated,640.0,90.0,L41180_2F,L41180_2F,F,WT,21
0,Seg_DAPI_Stitched-L41180_3F_V1_488-Sox9_568_NeuN_647-Olig2_30X_section1_A01.tif_rotated.tif.tif_rotated,209.0,0.0,L41180_3F,L41180_3F,F,KO,21
1,Seg_DAPI_Stitched-L41180_3F_V1_488-Sox9_568_NeuN_647-Olig2_30X_section1_A01.tif_rotated.tif.tif_rotated,462.0,10.0,L41180_3F,L41180_3F,F,KO,21
2,Seg_DAPI_Stitched-L41180_3F_V1_488-Sox9_568_NeuN_647-Olig2_30X_section1_A01.tif_rotated.tif.tif_rotated,542.0,20.0,L41180_3F,L41180_3F,F,KO,21
3,Seg_DAPI_Stitched-L41180_3F_V1_488-Sox9_568_NeuN_647-Olig2_30X_section1_A01.tif_rotated.tif.tif_rotated,607.0,30.0,L41180_3F,L41180_3F,F,KO,21
4,Seg_DAPI_Stitched-L41180_3F_V1_488-Sox9_568_NeuN_647-Olig2_30X_section1_A01.tif_rotated.tif.tif_rotated,569.0,40.0,L41180_3F,L41180_3F,F,KO,21
5,Seg_DAPI_Stitched-L41180_3F_V1_488-Sox9_568_NeuN_647-Olig2_30X_section1_A01.tif_rotated.tif.tif_rotated,521.0,50.0,L41180_3F,L41180_3F,F,KO,21
6,Seg_DAPI_Stitched-L41180_3F_V1_488-Sox9_568_NeuN_647-Olig2_30X_section1_A01.tif_rotated.tif.tif_rotated,561.0,60.0,L41180_3F,L41180_3F,F,KO,21
7,Seg_DAPI_Stitched-L41180_3F_V1_488-Sox9_568_NeuN_647-Olig2_30X_section1_A01.tif_rotated.tif.tif_rotated,653.0,70.0,L41180_3F,L41180_3F,F,KO,21
8,Seg_DAPI_Stitched-L41180_3F_V1_488-Sox9_568_NeuN_647-Olig2_30X_section1_A01.tif_rotated.tif.tif_rotated,636.0,80.0,L41180_3F,L41180_3F,F,KO,21
9,Seg_DAPI_Stitched-L41180_3F_V1_488-Sox9_568_NeuN_647-Olig2_30X_section1_A01.tif_rotated.tif.tif_rotated,439.0,90.0,L41180_3F,L41180_3F,F,KO,21
0,Seg_DAPI_Stitched-L41180_3F_V1_488-Sox9_568_NeuN_647-Olig2_30X_section2_A01.tif_rotated.tif.tif_rotated,144.0,0.0,L41180_3F,L41180_3F,F,KO,21
1,Seg_DAPI_Stitched-L41180_3F_V1_488-Sox9_568_NeuN_647-Olig2_30X_section2_A01.tif_rotated.tif.tif_rotated,470.0,10.0,L41180_3F,L41180_3F,F,KO,21
2,Seg_DAPI_Stitched-L41180_3F_V1_488-Sox9_568_NeuN_647-Olig2_30X_section2_A01.tif_rotated.tif.tif_rotated,531.0,20.0,L41180_3F,L41180_3F,F,KO,21
3,Seg_DAPI_Stitched-L41180_3F_V1_488-Sox9_568_NeuN_647-Olig2_30X_section2_A01.tif_rotated.tif.tif_rotated,577.0,30.0,L41180_3F,L41180_3F,F,KO,21
4,Seg_DAPI_Stitched-L41180_3F_V1_488-Sox9_568_NeuN_647-Olig2_30X_section2_A01.tif_rotated.tif.tif_rotated,582.0,40.0,L41180_3F,L41180_3F,F,KO,21
5,Seg_DAPI_Stitched-L41180_3F_V1_488-Sox9_568_NeuN_647-Olig2_30X_section2_A01.tif_rotated.tif.tif_rotated,525.0,50.0,L41180_3F,L41180_3F,F,KO,21
6,Seg_DAPI_Stitched-L41180_3F_V1_488-Sox9_568_NeuN_647-Olig2_30X_section2_A01.tif_rotated.tif.tif_rotated,571.0,60.0,L41180_3F,L41180_3F,F,KO,21
7,Seg_DAPI_Stitched-L41180_3F_V1_488-Sox9_568_NeuN_647-Olig2_30X_section2_A01.tif_rotated.tif.tif_rotated,615.0,70.0,L41180_3F,L41180_3F,F,KO,21
8,Seg_DAPI_Stitched-L41180_3F_V1_488-Sox9_568_NeuN_647-Olig2_30X_section2_A01.tif_rotated.tif.tif_rotated,649.0,80.0,L41180_3F,L41180_3F,F,KO,21
9,Seg_DAPI_Stitched-L41180_3F_V1_488-Sox9_568_NeuN_647-Olig2_30X_section2_A01.tif_rotated.tif.tif_rotated,638.0,90.0,L41180_3F,L41180_3F,F,KO,21
0,Seg_DAPI_Stitched-L41180_3F_V1_488-Sox9_568_NeuN_647-Olig2_30X_section3_A01.tif_rotated.tif.tif_rotated,258.0,0.0,L41180_3F,L41180_3F,F,KO,21
1,Seg_DAPI_Stitched-L41180_3F_V1_488-Sox9_568_NeuN_647-Olig2_30X_section3_A01.tif_rotated.tif.tif_rotated,584.0,10.0,L41180_3F,L41180_3F,F,KO,21
2,Seg_DAPI_Stitched-L41180_3F_V1_488-Sox9_568_NeuN_647-Olig2_30X_section3_A01.tif_rotated.tif.tif_rotated,586.0,20.0,L41180_3F,L41180_3F,F,KO,21
3,Seg_DAPI_Stitched-L41180_3F_V1_488-Sox9_568_NeuN_647-Olig2_30X_section3_A01.tif_rotated.tif.tif_rotated,647.0,30.0,L41180_3F,L41180_3F,F,KO,21
4,Seg_DAPI_Stitched-L41180_3F_V1_488-Sox9_568_NeuN_647-Olig2_30X_section3_A01.tif_rotated.tif.tif_rotated,564.0,40.0,L41180_3F,L41180_3F,F,KO,21
5,Seg_DAPI_Stitched-L41180_3F_V1_488-Sox9_568_NeuN_647-Olig2_30X_section3_A01.tif_rotated.tif.tif_rotated,547.0,50.0,L41180_3F,L41180_3F,F,KO,21
6,Seg_DAPI_Stitched-L41180_3F_V1_488-Sox9_568_NeuN_647-Olig2_30X_section3_A01.tif_rotated.tif.tif_rotated,603.0,60.0,L41180_3F,L41180_3F,F,KO,21
7,Seg_DAPI_Stitched-L41180_3F_V1_488-Sox9_568_NeuN_647-Olig2_30X_section3_A01.tif_rotated.tif.tif_rotated,697.0,70.0,L41180_3F,L41180_3F,F,KO,21
8,Seg_DAPI_Stitched-L41180_3F_V1_488-Sox9_568_NeuN_647-Olig2_30X_section3_A01.tif_rotated.tif.tif_rotated,681.0,80.0,L41180_3F,L41180_3F,F,KO,21
9,Seg_DAPI_Stitched-L41180_3F_V1_488-Sox9_568_NeuN_647-Olig2_30X_section3_A01.tif_rotated.tif.tif_rotated,555.0,90.0,L41180_3F,L41180_3F,F,KO,21
0,Seg_DAPI_Stitched-L50981_1F_V1_488-Sox9_568_NeuN_647-Olig2_30X_section1_A01.tif_rotated.tif.tif_rotated,274.0,0.0,L50981_1F,L50981_1F,F,KO,21
1,Seg_DAPI_Stitched-L50981_1F_V1_488-Sox9_568_NeuN_647-Olig2_30X_section1_A01.tif_rotated.tif.tif_rotated,515.0,10.0,L50981_1F,L50981_1F,F,KO,21
2,Seg_DAPI_Stitched-L50981_1F_V1_488-Sox9_568_NeuN_647-Olig2_30X_section1_A01.tif_rotated.tif.tif_rotated,577.0,20.0,L50981_1F,L50981_1F,F,KO,21
3,Seg_DAPI_Stitched-L50981_1F_V1_488-Sox9_568_NeuN_647-Olig2_30X_section1_A01.tif_rotated.tif.tif_rotated,608.0,30.0,L50981_1F,L50981_1F,F,KO,21
4,Seg_DAPI_Stitched-L50981_1F_V1_488-Sox9_568_NeuN_647-Olig2_30X_section1_A01.tif_rotated.tif.tif_rotated,587.0,40.0,L50981_1F,L50981_1F,F,KO,21
5,Seg_DAPI_Stitched-L50981_1F_V1_488-Sox9_568_NeuN_647-Olig2_30X_section1_A01.tif_rotated.tif.tif_rotated,556.0,50.0,L50981_1F,L50981_1F,F,KO,21
6,Seg_DAPI_Stitched-L50981_1F_V1_488-Sox9_568_NeuN_647-Olig2_30X_section1_A01.tif_rotated.tif.tif_rotated,570.0,60.0,L50981_1F,L50981_1F,F,KO,21
7,Seg_DAPI_Stitched-L50981_1F_V1_488-Sox9_568_NeuN_647-Olig2_30X_section1_A01.tif_rotated.tif.tif_rotated,564.0,70.0,L50981_1F,L50981_1F,F,KO,21
8,Seg_DAPI_Stitched-L50981_1F_V1_488-Sox9_568_NeuN_647-Olig2_30X_section1_A01.tif_rotated.tif.tif_rotated,543.0,80.0,L50981_1F,L50981_1F,F,KO,21
9,Seg_DAPI_Stitched-L50981_1F_V1_488-Sox9_568_NeuN_647-Olig2_30X_section1_A01.tif_rotated.tif.tif_rotated,589.0,90.0,L50981_1F,L50981_1F,F,KO,21
0,Seg_DAPI_Stitched-L50981_1F_V1_488-Sox9_568_NeuN_647-Olig2_30X_section2_A01.tif_rotated.tif.tif_rotated,275.0,0.0,L50981_1F,L50981_1F,F,KO,21
1,Seg_DAPI_Stitched-L50981_1F_V1_488-Sox9_568_NeuN_647-Olig2_30X_section2_A01.tif_rotated.tif.tif_rotated,529.0,10.0,L50981_1F,L50981_1F,F,KO,21
2,Seg_DAPI_Stitched-L50981_1F_V1_488-Sox9_568_NeuN_647-Olig2_30X_section2_A01.tif_rotated.tif.tif_rotated,577.0,20.0,L50981_1F,L50981_1F,F,KO,21
3,Seg_DAPI_Stitched-L50981_1F_V1_488-Sox9_568_NeuN_647-Olig2_30X_section2_A01.tif_rotated.tif.tif_rotated,664.0,30.0,L50981_1F,L50981_1F,F,KO,21
4,Seg_DAPI_Stitched-L50981_1F_V1_488-Sox9_568_NeuN_647-Olig2_30X_section2_A01.tif_rotated.tif.tif_rotated,579.0,40.0,L50981_1F,L50981_1F,F,KO,21
5,Seg_DAPI_Stitched-L50981_1F_V1_488-Sox9_568_NeuN_647-Olig2_30X_section2_A01.tif_rotated.tif.tif_rotated,531.0,50.0,L50981_1F,L50981_1F,F,KO,21
6,Seg_DAPI_Stitched-L50981_1F_V1_488-Sox9_568_NeuN_647-Olig2_30X_section2_A01.tif_rotated.tif.tif_rotated,553.0,60.0,L50981_1F,L50981_1F,F,KO,21
7,Seg_DAPI_Stitched-L50981_1F_V1_488-Sox9_568_NeuN_647-Olig2_30X_section2_A01.tif_rotated.tif.tif_rotated,627.0,70.0,L50981_1F,L50981_1F,F,KO,21
8,Seg_DAPI_Stitched-L50981_1F_V1_488-Sox9_568_NeuN_647-Olig2_30X_section2_A01.tif_rotated.tif.tif_rotated,605.0,80.0,L50981_1F,L50981_1F,F,KO,21
9,Seg_DAPI_Stitched-L50981_1F_V1_488-Sox9_568_NeuN_647-Olig2_30X_section2_A01.tif_rotated.tif.tif_rotated,529.0,90.0,L50981_1F,L50981_1F,F,KO,21
0,Seg_DAPI_Stitched-L50981_1F_V1_488-Sox9_568_NeuN_647-Olig2_30X_section3_A01.tif_rotated.tif.tif_rotated,250.0,0.0,L50981_1F,L50981_1F,F,KO,21
1,Seg_DAPI_Stitched-L50981_1F_V1_488-Sox9_568_NeuN_647-Olig2_30X_section3_A01.tif_rotated.tif.tif_rotated,492.0,10.0,L50981_1F,L50981_1F,F,KO,21
2,Seg_DAPI_Stitched-L50981_1F_V1_488-Sox9_568_NeuN_647-Olig2_30X_section3_A01.tif_rotated.tif.tif_rotated,590.0,20.0,L50981_1F,L50981_1F,F,KO,21
3,Seg_DAPI_Stitched-L50981_1F_V1_488-Sox9_568_NeuN_647-Olig2_30X_section3_A01.tif_rotated.tif.tif_rotated,636.0,30.0,L50981_1F,L50981_1F,F,KO,21
4,Seg_DAPI_Stitched-L50981_1F_V1_488-Sox9_568_NeuN_647-Olig2_30X_section3_A01.tif_rotated.tif.tif_rotated,610.0,40.0,L50981_1F,L50981_1F,F,KO,21
5,Seg_DAPI_Stitched-L50981_1F_V1_488-Sox9_568_NeuN_647-Olig2_30X_section3_A01.tif_rotated.tif.tif_rotated,558.0,50.0,L50981_1F,L50981_1F,F,KO,21
6,Seg_DAPI_Stitched-L50981_1F_V1_488-Sox9_568_NeuN_647-Olig2_30X_section3_A01.tif_rotated.tif.tif_rotated,544.0,60.0,L50981_1F,L50981_1F,F,KO,21
7,Seg_DAPI_Stitched-L50981_1F_V1_488-Sox9_568_NeuN_647-Olig2_30X_section3_A01.tif_rotated.tif.tif_rotated,583.0,70.0,L50981_1F,L50981_1F,F,KO,21
8,Seg_DAPI_Stitched-L50981_1F_V1_488-Sox9_568_NeuN_647-Olig2_30X_section3_A01.tif_rotated.tif.tif_rotated,632.0,80.0,L50981_1F,L50981_1F,F,KO,21
9,Seg_DAPI_Stitched-L50981_1F_V1_488-Sox9_568_NeuN_647-Olig2_30X_section3_A01.tif_rotated.tif.tif_rotated,648.0,90.0,L50981_1F,L50981_1F,F,KO,21
0,Seg_DAPI_Stitched-L50981_3F_V1_488-Sox9_568_NeuN_647-Olig2_30X_section1_A01.tif_rotated.tif.tif_rotated,295.0,0.0,L50981_3F,L50981_3F,F,KO,21
1,Seg_DAPI_Stitched-L50981_3F_V1_488-Sox9_568_NeuN_647-Olig2_30X_section1_A01.tif_rotated.tif.tif_rotated,629.0,10.0,L50981_3F,L50981_3F,F,KO,21
2,Seg_DAPI_Stitched-L50981_3F_V1_488-Sox9_568_NeuN_647-Olig2_30X_section1_A01.tif_rotated.tif.tif_rotated,600.0,20.0,L50981_3F,L50981_3F,F,KO,21
3,Seg_DAPI_Stitched-L50981_3F_V1_488-Sox9_568_NeuN_647-Olig2_30X_section1_A01.tif_rotated.tif.tif_rotated,707.0,30.0,L50981_3F,L50981_3F,F,KO,21
4,Seg_DAPI_Stitched-L50981_3F_V1_488-Sox9_568_NeuN_647-Olig2_30X_section1_A01.tif_rotated.tif.tif_rotated,593.0,40.0,L50981_3F,L50981_3F,F,KO,21
5,Seg_DAPI_Stitched-L50981_3F_V1_488-Sox9_568_NeuN_647-Olig2_30X_section1_A01.tif_rotated.tif.tif_rotated,580.0,50.0,L50981_3F,L50981_3F,F,KO,21
6,Seg_DAPI_Stitched-L50981_3F_V1_488-Sox9_568_NeuN_647-Olig2_30X_section1_A01.tif_rotated.tif.tif_rotated,668.0,60.0,L50981_3F,L50981_3F,F,KO,21
7,Seg_DAPI_Stitched-L50981_3F_V1_488-Sox9_568_NeuN_647-Olig2_30X_section1_A01.tif_rotated.tif.tif_rotated,751.0,70.0,L50981_3F,L50981_3F,F,KO,21
8,Seg_DAPI_Stitched-L50981_3F_V1_488-Sox9_568_NeuN_647-Olig2_30X_section1_A01.tif_rotated.tif.tif_rotated,550.0,80.0,L50981_3F,L50981_3F,F,KO,21
9,Seg_DAPI_Stitched-L50981_3F_V1_488-Sox9_568_NeuN_647-Olig2_30X_section1_A01.tif_rotated.tif.tif_rotated,486.0,90.0,L50981_3F,L50981_3F,F,KO,21
0,Seg_DAPI_Stitched-L50981_3F_V1_488-Sox9_568_NeuN_647-Olig2_30X_section2_A01.tif_rotated.tif.tif_rotated,291.0,0.0,L50981_3F,L50981_3F,F,KO,21
1,Seg_DAPI_Stitched-L50981_3F_V1_488-Sox9_568_NeuN_647-Olig2_30X_section2_A01.tif_rotated.tif.tif_rotated,581.0,10.0,L50981_3F,L50981_3F,F,KO,21
2,Seg_DAPI_Stitched-L50981_3F_V1_488-Sox9_568_NeuN_647-Olig2_30X_section2_A01.tif_rotated.tif.tif_rotated,649.0,20.0,L50981_3F,L50981_3F,F,KO,21
3,Seg_DAPI_Stitched-L50981_3F_V1_488-Sox9_568_NeuN_647-Olig2_30X_section2_A01.tif_rotated.tif.tif_rotated,646.0,30.0,L50981_3F,L50981_3F,F,KO,21
4,Seg_DAPI_Stitched-L50981_3F_V1_488-Sox9_568_NeuN_647-Olig2_30X_section2_A01.tif_rotated.tif.tif_rotated,588.0,40.0,L50981_3F,L50981_3F,F,KO,21
5,Seg_DAPI_Stitched-L50981_3F_V1_488-Sox9_568_NeuN_647-Olig2_30X_section2_A01.tif_rotated.tif.tif_rotated,553.0,50.0,L50981_3F,L50981_3F,F,KO,21
6,Seg_DAPI_Stitched-L50981_3F_V1_488-Sox9_568_NeuN_647-Olig2_30X_section2_A01.tif_rotated.tif.tif_rotated,639.0,60.0,L50981_3F,L50981_3F,F,KO,21
7,Seg_DAPI_Stitched-L50981_3F_V1_488-Sox9_568_NeuN_647-Olig2_30X_section2_A01.tif_rotated.tif.tif_rotated,723.0,70.0,L50981_3F,L50981_3F,F,KO,21
8,Seg_DAPI_Stitched-L50981_3F_V1_488-Sox9_568_NeuN_647-Olig2_30X_section2_A01.tif_rotated.tif.tif_rotated,657.0,80.0,L50981_3F,L50981_3F,F,KO,21
9,Seg_DAPI_Stitched-L50981_3F_V1_488-Sox9_568_NeuN_647-Olig2_30X_section2_A01.tif_rotated.tif.tif_rotated,581.0,90.0,L50981_3F,L50981_3F,F,KO,21
0,Seg_DAPI_Stitched-L50981_3F_V1_488-Sox9_568_NeuN_647-Olig2_30X_section3_A01.tif_rotated.tif.tif_rotated,204.0,0.0,L50981_3F,L50981_3F,F,KO,21
1,Seg_DAPI_Stitched-L50981_3F_V1_488-Sox9_568_NeuN_647-Olig2_30X_section3_A01.tif_rotated.tif.tif_rotated,560.0,10.0,L50981_3F,L50981_3F,F,KO,21
2,Seg_DAPI_Stitched-L50981_3F_V1_488-Sox9_568_NeuN_647-Olig2_30X_section3_A01.tif_rotated.tif.tif_rotated,590.0,20.0,L50981_3F,L50981_3F,F,KO,21
3,Seg_DAPI_Stitched-L50981_3F_V1_488-Sox9_568_NeuN_647-Olig2_30X_section3_A01.tif_rotated.tif.tif_rotated,632.0,30.0,L50981_3F,L50981_3F,F,KO,21
4,Seg_DAPI_Stitched-L50981_3F_V1_488-Sox9_568_NeuN_647-Olig2_30X_section3_A01.tif_rotated.tif.tif_rotated,566.0,40.0,L50981_3F,L50981_3F,F,KO,21
5,Seg_DAPI_Stitched-L50981_3F_V1_488-Sox9_568_NeuN_647-Olig2_30X_section3_A01.tif_rotated.tif.tif_rotated,572.0,50.0,L50981_3F,L50981_3F,F,KO,21
6,Seg_DAPI_Stitched-L50981_3F_V1_488-Sox9_568_NeuN_647-Olig2_30X_section3_A01.tif_rotated.tif.tif_rotated,620.0,60.0,L50981_3F,L50981_3F,F,KO,21
7,Seg_DAPI_Stitched-L50981_3F_V1_488-Sox9_568_NeuN_647-Olig2_30X_section3_A01.tif_rotated.tif.tif_rotated,724.0,70.0,L50981_3F,L50981_3F,F,KO,21
8,Seg_DAPI_Stitched-L50981_3F_V1_488-Sox9_568_NeuN_647-Olig2_30X_section3_A01.tif_rotated.tif.tif_rotated,640.0,80.0,L50981_3F,L50981_3F,F,KO,21
9,Seg_DAPI_Stitched-L50981_3F_V1_488-Sox9_568_NeuN_647-Olig2_30X_section3_A01.tif_rotated.tif.tif_rotated,561.0,90.0,L50981_3F,L50981_3F,F,KO,21
0,Seg_DAPI_Stitched-L50981_4F_V1_488-Sox9_568_NeuN_647-Olig2_30X_section1_A01.tif_rotated.tif.tif_rotated,285.0,0.0,L50981_4F,L50981_4F,F,WT,21
1,Seg_DAPI_Stitched-L50981_4F_V1_488-Sox9_568_NeuN_647-Olig2_30X_section1_A01.tif_rotated.tif.tif_rotated,522.0,10.0,L50981_4F,L50981_4F,F,WT,21
2,Seg_DAPI_Stitched-L50981_4F_V1_488-Sox9_568_NeuN_647-Olig2_30X_section1_A01.tif_rotated.tif.tif_rotated,581.0,20.0,L50981_4F,L50981_4F,F,WT,21
3,Seg_DAPI_Stitched-L50981_4F_V1_488-Sox9_568_NeuN_647-Olig2_30X_section1_A01.tif_rotated.tif.tif_rotated,607.0,30.0,L50981_4F,L50981_4F,F,WT,21
4,Seg_DAPI_Stitched-L50981_4F_V1_488-Sox9_568_NeuN_647-Olig2_30X_section1_A01.tif_rotated.tif.tif_rotated,556.0,40.0,L50981_4F,L50981_4F,F,WT,21
5,Seg_DAPI_Stitched-L50981_4F_V1_488-Sox9_568_NeuN_647-Olig2_30X_section1_A01.tif_rotated.tif.tif_rotated,494.0,50.0,L50981_4F,L50981_4F,F,WT,21
6,Seg_DAPI_Stitched-L50981_4F_V1_488-Sox9_568_NeuN_647-Olig2_30X_section1_A01.tif_rotated.tif.tif_rotated,561.0,60.0,L50981_4F,L50981_4F,F,WT,21
7,Seg_DAPI_Stitched-L50981_4F_V1_488-Sox9_568_NeuN_647-Olig2_30X_section1_A01.tif_rotated.tif.tif_rotated,666.0,70.0,L50981_4F,L50981_4F,F,WT,21
8,Seg_DAPI_Stitched-L50981_4F_V1_488-Sox9_568_NeuN_647-Olig2_30X_section1_A01.tif_rotated.tif.tif_rotated,652.0,80.0,L50981_4F,L50981_4F,F,WT,21
9,Seg_DAPI_Stitched-L50981_4F_V1_488-Sox9_568_NeuN_647-Olig2_30X_section1_A01.tif_rotated.tif.tif_rotated,594.0,90.0,L50981_4F,L50981_4F,F,WT,21
0,Seg_DAPI_Stitched-L50981_4F_V1_488-Sox9_568_NeuN_647-Olig2_30X_section2_A01.tif_rotated.tif.tif_rotated,223.0,0.0,L50981_4F,L50981_4F,F,WT,21
1,Seg_DAPI_Stitched-L50981_4F_V1_488-Sox9_568_NeuN_647-Olig2_30X_section2_A01.tif_rotated.tif.tif_rotated,532.0,10.0,L50981_4F,L50981_4F,F,WT,21
2,Seg_DAPI_Stitched-L50981_4F_V1_488-Sox9_568_NeuN_647-Olig2_30X_section2_A01.tif_rotated.tif.tif_rotated,561.0,20.0,L50981_4F,L50981_4F,F,WT,21
3,Seg_DAPI_Stitched-L50981_4F_V1_488-Sox9_568_NeuN_647-Olig2_30X_section2_A01.tif_rotated.tif.tif_rotated,600.0,30.0,L50981_4F,L50981_4F,F,WT,21
4,Seg_DAPI_Stitched-L50981_4F_V1_488-Sox9_568_NeuN_647-Olig2_30X_section2_A01.tif_rotated.tif.tif_rotated,533.0,40.0,L50981_4F,L50981_4F,F,WT,21
5,Seg_DAPI_Stitched-L50981_4F_V1_488-Sox9_568_NeuN_647-Olig2_30X_section2_A01.tif_rotated.tif.tif_rotated,505.0,50.0,L50981_4F,L50981_4F,F,WT,21
6,Seg_DAPI_Stitched-L50981_4F_V1_488-Sox9_568_NeuN_647-Olig2_30X_section2_A01.tif_rotated.tif.tif_rotated,543.0,60.0,L50981_4F,L50981_4F,F,WT,21
7,Seg_DAPI_Stitched-L50981_4F_V1_488-Sox9_568_NeuN_647-Olig2_30X_section2_A01.tif_rotated.tif.tif_rotated,664.0,70.0,L50981_4F,L50981_4F,F,WT,21
8,Seg_DAPI_Stitched-L50981_4F_V1_488-Sox9_568_NeuN_647-Olig2_30X_section2_A01.tif_rotated.tif.tif_rotated,662.0,80.0,L50981_4F,L50981_4F,F,WT,21
9,Seg_DAPI_Stitched-L50981_4F_V1_488-Sox9_568_NeuN_647-Olig2_30X_section2_A01.tif_rotated.tif.tif_rotated,593.0,90.0,L50981_4F,L50981_4F,F,WT,21
0,Seg_DAPI_Stitched-L50981_4F_V1_488-Sox9_568_NeuN_647-Olig2_30X_section3_A01.tif_rotated.tif.tif_rotated,175.0,0.0,L50981_4F,L50981_4F,F,WT,21
1,Seg_DAPI_Stitched-L50981_4F_V1_488-Sox9_568_NeuN_647-Olig2_30X_section3_A01.tif_rotated.tif.tif_rotated,454.0,10.0,L50981_4F,L50981_4F,F,WT,21
2,Seg_DAPI_Stitched-L50981_4F_V1_488-Sox9_568_NeuN_647-Olig2_30X_section3_A01.tif_rotated.tif.tif_rotated,550.0,20.0,L50981_4F,L50981_4F,F,WT,21
3,Seg_DAPI_Stitched-L50981_4F_V1_488-Sox9_568_NeuN_647-Olig2_30X_section3_A01.tif_rotated.tif.tif_rotated,577.0,30.0,L50981_4F,L50981_4F,F,WT,21
4,Seg_DAPI_Stitched-L50981_4F_V1_488-Sox9_568_NeuN_647-Olig2_30X_section3_A01.tif_rotated.tif.tif_rotated,594.0,40.0,L50981_4F,L50981_4F,F,WT,21
5,Seg_DAPI_Stitched-L50981_4F_V1_488-Sox9_568_NeuN_647-Olig2_30X_section3_A01.tif_rotated.tif.tif_rotated,484.0,50.0,L50981_4F,L50981_4F,F,WT,21
6,Seg_DAPI_Stitched-L50981_4F_V1_488-Sox9_568_NeuN_647-Olig2_30X_section3_A01.tif_rotated.tif.tif_rotated,544.0,60.0,L50981_4F,L50981_4F,F,WT,21
7,Seg_DAPI_Stitched-L50981_4F_V1_488-Sox9_568_NeuN_647-Olig2_30X_section3_A01.tif_rotated.tif.tif_rotated,570.0,70.0,L50981_4F,L50981_4F,F,WT,21
8,Seg_DAPI_Stitched-L50981_4F_V1_488-Sox9_568_NeuN_647-Olig2_30X_section3_A01.tif_rotated.tif.tif_rotated,577.0,80.0,L50981_4F,L50981_4F,F,WT,21
9,Seg_DAPI_Stitched-L50981_4F_V1_488-Sox9_568_NeuN_647-Olig2_30X_section3_A01.tif_rotated.tif.tif_rotated,577.0,90.0,L50981_4F,L50981_4F,F,WT,21
0,Seg_DAPI_Stitched-L50981_5M_V1_488-Sox9_568_NeuN_647-Olig2_30X_section1_A01.tif_rotated.tif.tif_rotated,167.0,0.0,L50981_5M,L50981_5M,M,WT,21
1,Seg_DAPI_Stitched-L50981_5M_V1_488-Sox9_568_NeuN_647-Olig2_30X_section1_A01.tif_rotated.tif.tif_rotated,489.0,10.0,L50981_5M,L50981_5M,M,WT,21
2,Seg_DAPI_Stitched-L50981_5M_V1_488-Sox9_568_NeuN_647-Olig2_30X_section1_A01.tif_rotated.tif.tif_rotated,561.0,20.0,L50981_5M,L50981_5M,M,WT,21
3,Seg_DAPI_Stitched-L50981_5M_V1_488-Sox9_568_NeuN_647-Olig2_30X_section1_A01.tif_rotated.tif.tif_rotated,582.0,30.0,L50981_5M,L50981_5M,M,WT,21
4,Seg_DAPI_Stitched-L50981_5M_V1_488-Sox9_568_NeuN_647-Olig2_30X_section1_A01.tif_rotated.tif.tif_rotated,575.0,40.0,L50981_5M,L50981_5M,M,WT,21
5,Seg_DAPI_Stitched-L50981_5M_V1_488-Sox9_568_NeuN_647-Olig2_30X_section1_A01.tif_rotated.tif.tif_rotated,486.0,50.0,L50981_5M,L50981_5M,M,WT,21
6,Seg_DAPI_Stitched-L50981_5M_V1_488-Sox9_568_NeuN_647-Olig2_30X_section1_A01.tif_rotated.tif.tif_rotated,527.0,60.0,L50981_5M,L50981_5M,M,WT,21
7,Seg_DAPI_Stitched-L50981_5M_V1_488-Sox9_568_NeuN_647-Olig2_30X_section1_A01.tif_rotated.tif.tif_rotated,592.0,70.0,L50981_5M,L50981_5M,M,WT,21
8,Seg_DAPI_Stitched-L50981_5M_V1_488-Sox9_568_NeuN_647-Olig2_30X_section1_A01.tif_rotated.tif.tif_rotated,607.0,80.0,L50981_5M,L50981_5M,M,WT,21
9,Seg_DAPI_Stitched-L50981_5M_V1_488-Sox9_568_NeuN_647-Olig2_30X_section1_A01.tif_rotated.tif.tif_rotated,625.0,90.0,L50981_5M,L50981_5M,M,WT,21
0,Seg_DAPI_Stitched-L50981_5M_V1_488-Sox9_568_NeuN_647-Olig2_30X_section2_A01.tif_rotated.tif.tif_rotated,259.0,0.0,L50981_5M,L50981_5M,M,WT,21
1,Seg_DAPI_Stitched-L50981_5M_V1_488-Sox9_568_NeuN_647-Olig2_30X_section2_A01.tif_rotated.tif.tif_rotated,507.0,10.0,L50981_5M,L50981_5M,M,WT,21
2,Seg_DAPI_Stitched-L50981_5M_V1_488-Sox9_568_NeuN_647-Olig2_30X_section2_A01.tif_rotated.tif.tif_rotated,534.0,20.0,L50981_5M,L50981_5M,M,WT,21
3,Seg_DAPI_Stitched-L50981_5M_V1_488-Sox9_568_NeuN_647-Olig2_30X_section2_A01.tif_rotated.tif.tif_rotated,626.0,30.0,L50981_5M,L50981_5M,M,WT,21
4,Seg_DAPI_Stitched-L50981_5M_V1_488-Sox9_568_NeuN_647-Olig2_30X_section2_A01.tif_rotated.tif.tif_rotated,589.0,40.0,L50981_5M,L50981_5M,M,WT,21
5,Seg_DAPI_Stitched-L50981_5M_V1_488-Sox9_568_NeuN_647-Olig2_30X_section2_A01.tif_rotated.tif.tif_rotated,498.0,50.0,L50981_5M,L50981_5M,M,WT,21
6,Seg_DAPI_Stitched-L50981_5M_V1_488-Sox9_568_NeuN_647-Olig2_30X_section2_A01.tif_rotated.tif.tif_rotated,524.0,60.0,L50981_5M,L50981_5M,M,WT,21
7,Seg_DAPI_Stitched-L50981_5M_V1_488-Sox9_568_NeuN_647-Olig2_30X_section2_A01.tif_rotated.tif.tif_rotated,594.0,70.0,L50981_5M,L50981_5M,M,WT,21
8,Seg_DAPI_Stitched-L50981_5M_V1_488-Sox9_568_NeuN_647-Olig2_30X_section2_A01.tif_rotated.tif.tif_rotated,628.0,80.0,L50981_5M,L50981_5M,M,WT,21
9,Seg_DAPI_Stitched-L50981_5M_V1_488-Sox9_568_NeuN_647-Olig2_30X_section2_A01.tif_rotated.tif.tif_rotated,646.0,90.0,L50981_5M,L50981_5M,M,WT,21
0,Seg_DAPI_Stitched-L50981_5M_V1_488-Sox9_568_NeuN_647-Olig2_30X_section3_A01.tif_rotated.tif.tif_rotated,196.0,0.0,L50981_5M,L50981_5M,M,WT,21
1,Seg_DAPI_Stitched-L50981_5M_V1_488-Sox9_568_NeuN_647-Olig2_30X_section3_A01.tif_rotated.tif.tif_rotated,466.0,10.0,L50981_5M,L50981_5M,M,WT,21
2,Seg_DAPI_Stitched-L50981_5M_V1_488-Sox9_568_NeuN_647-Olig2_30X_section3_A01.tif_rotated.tif.tif_rotated,539.0,20.0,L50981_5M,L50981_5M,M,WT,21
3,Seg_DAPI_Stitched-L50981_5M_V1_488-Sox9_568_NeuN_647-Olig2_30X_section3_A01.tif_rotated.tif.tif_rotated,589.0,30.0,L50981_5M,L50981_5M,M,WT,21
4,Seg_DAPI_Stitched-L50981_5M_V1_488-Sox9_568_NeuN_647-Olig2_30X_section3_A01.tif_rotated.tif.tif_rotated,590.0,40.0,L50981_5M,L50981_5M,M,WT,21
5,Seg_DAPI_Stitched-L50981_5M_V1_488-Sox9_568_NeuN_647-Olig2_30X_section3_A01.tif_rotated.tif.tif_rotated,479.0,50.0,L50981_5M,L50981_5M,M,WT,21
6,Seg_DAPI_Stitched-L50981_5M_V1_488-Sox9_568_NeuN_647-Olig2_30X_section3_A01.tif_rotated.tif.tif_rotated,520.0,60.0,L50981_5M,L50981_5M,M,WT,21
7,Seg_DAPI_Stitched-L50981_5M_V1_488-Sox9_568_NeuN_647-Olig2_30X_section3_A01.tif_rotated.tif.tif_rotated,629.0,70.0,L50981_5M,L50981_5M,M,WT,21
8,Seg_DAPI_Stitched-L50981_5M_V1_488-Sox9_568_NeuN_647-Olig2_30X_section3_A01.tif_rotated.tif.tif_rotated,605.0,80.0,L50981_5M,L50981_5M,M,WT,21
9,Seg_DAPI_Stitched-L50981_5M_V1_488-Sox9_568_NeuN_647-Olig2_30X_section3_A01.tif_rotated.tif.tif_rotated,499.0,90.0,L50981_5M,L50981_5M,M,WT,21
0,Seg_DAPI_Stitched-L52184_1M_V1_488-Sox9_568_NeuN_647-Olig2_30X_section1_A01.tif_rotated.tif.tif_rotated,287.0,0.0,L52184_1M,L52184_1M,M,KO,21
1,Seg_DAPI_Stitched-L52184_1M_V1_488-Sox9_568_NeuN_647-Olig2_30X_section1_A01.tif_rotated.tif.tif_rotated,598.0,10.0,L52184_1M,L52184_1M,M,KO,21
2,Seg_DAPI_Stitched-L52184_1M_V1_488-Sox9_568_NeuN_647-Olig2_30X_section1_A01.tif_rotated.tif.tif_rotated,593.0,20.0,L52184_1M,L52184_1M,M,KO,21
3,Seg_DAPI_Stitched-L52184_1M_V1_488-Sox9_568_NeuN_647-Olig2_30X_section1_A01.tif_rotated.tif.tif_rotated,619.0,30.0,L52184_1M,L52184_1M,M,KO,21
4,Seg_DAPI_Stitched-L52184_1M_V1_488-Sox9_568_NeuN_647-Olig2_30X_section1_A01.tif_rotated.tif.tif_rotated,578.0,40.0,L52184_1M,L52184_1M,M,KO,21
5,Seg_DAPI_Stitched-L52184_1M_V1_488-Sox9_568_NeuN_647-Olig2_30X_section1_A01.tif_rotated.tif.tif_rotated,545.0,50.0,L52184_1M,L52184_1M,M,KO,21
6,Seg_DAPI_Stitched-L52184_1M_V1_488-Sox9_568_NeuN_647-Olig2_30X_section1_A01.tif_rotated.tif.tif_rotated,575.0,60.0,L52184_1M,L52184_1M,M,KO,21
7,Seg_DAPI_Stitched-L52184_1M_V1_488-Sox9_568_NeuN_647-Olig2_30X_section1_A01.tif_rotated.tif.tif_rotated,658.0,70.0,L52184_1M,L52184_1M,M,KO,21
8,Seg_DAPI_Stitched-L52184_1M_V1_488-Sox9_568_NeuN_647-Olig2_30X_section1_A01.tif_rotated.tif.tif_rotated,597.0,80.0,L52184_1M,L52184_1M,M,KO,21
9,Seg_DAPI_Stitched-L52184_1M_V1_488-Sox9_568_NeuN_647-Olig2_30X_section1_A01.tif_rotated.tif.tif_rotated,536.0,90.0,L52184_1M,L52184_1M,M,KO,21
0,Seg_DAPI_Stitched-L52184_1M_V1_488-Sox9_568_NeuN_647-Olig2_30X_section2_A01.tif_rotated.tif.tif_rotated,257.0,0.0,L52184_1M,L52184_1M,M,KO,21
1,Seg_DAPI_Stitched-L52184_1M_V1_488-Sox9_568_NeuN_647-Olig2_30X_section2_A01.tif_rotated.tif.tif_rotated,508.0,10.0,L52184_1M,L52184_1M,M,KO,21
2,Seg_DAPI_Stitched-L52184_1M_V1_488-Sox9_568_NeuN_647-Olig2_30X_section2_A01.tif_rotated.tif.tif_rotated,554.0,20.0,L52184_1M,L52184_1M,M,KO,21
3,Seg_DAPI_Stitched-L52184_1M_V1_488-Sox9_568_NeuN_647-Olig2_30X_section2_A01.tif_rotated.tif.tif_rotated,581.0,30.0,L52184_1M,L52184_1M,M,KO,21
4,Seg_DAPI_Stitched-L52184_1M_V1_488-Sox9_568_NeuN_647-Olig2_30X_section2_A01.tif_rotated.tif.tif_rotated,601.0,40.0,L52184_1M,L52184_1M,M,KO,21
5,Seg_DAPI_Stitched-L52184_1M_V1_488-Sox9_568_NeuN_647-Olig2_30X_section2_A01.tif_rotated.tif.tif_rotated,549.0,50.0,L52184_1M,L52184_1M,M,KO,21
6,Seg_DAPI_Stitched-L52184_1M_V1_488-Sox9_568_NeuN_647-Olig2_30X_section2_A01.tif_rotated.tif.tif_rotated,547.0,60.0,L52184_1M,L52184_1M,M,KO,21
7,Seg_DAPI_Stitched-L52184_1M_V1_488-Sox9_568_NeuN_647-Olig2_30X_section2_A01.tif_rotated.tif.tif_rotated,650.0,70.0,L52184_1M,L52184_1M,M,KO,21
8,Seg_DAPI_Stitched-L52184_1M_V1_488-Sox9_568_NeuN_647-Olig2_30X_section2_A01.tif_rotated.tif.tif_rotated,619.0,80.0,L52184_1M,L52184_1M,M,KO,21
9,Seg_DAPI_Stitched-L52184_1M_V1_488-Sox9_568_NeuN_647-Olig2_30X_section2_A01.tif_rotated.tif.tif_rotated,593.0,90.0,L52184_1M,L52184_1M,M,KO,21
0,Seg_DAPI_Stitched-L52184_1M_V1_488-Sox9_568_NeuN_647-Olig2_30X_section3_A01.tif_rotated.tif.tif_rotated,247.0,0.0,L52184_1M,L52184_1M,M,KO,21
1,Seg_DAPI_Stitched-L52184_1M_V1_488-Sox9_568_NeuN_647-Olig2_30X_section3_A01.tif_rotated.tif.tif_rotated,474.0,10.0,L52184_1M,L52184_1M,M,KO,21
2,Seg_DAPI_Stitched-L52184_1M_V1_488-Sox9_568_NeuN_647-Olig2_30X_section3_A01.tif_rotated.tif.tif_rotated,563.0,20.0,L52184_1M,L52184_1M,M,KO,21
3,Seg_DAPI_Stitched-L52184_1M_V1_488-Sox9_568_NeuN_647-Olig2_30X_section3_A01.tif_rotated.tif.tif_rotated,603.0,30.0,L52184_1M,L52184_1M,M,KO,21
4,Seg_DAPI_Stitched-L52184_1M_V1_488-Sox9_568_NeuN_647-Olig2_30X_section3_A01.tif_rotated.tif.tif_rotated,595.0,40.0,L52184_1M,L52184_1M,M,KO,21
5,Seg_DAPI_Stitched-L52184_1M_V1_488-Sox9_568_NeuN_647-Olig2_30X_section3_A01.tif_rotated.tif.tif_rotated,502.0,50.0,L52184_1M,L52184_1M,M,KO,21
6,Seg_DAPI_Stitched-L52184_1M_V1_488-Sox9_568_NeuN_647-Olig2_30X_section3_A01.tif_rotated.tif.tif_rotated,536.0,60.0,L52184_1M,L52184_1M,M,KO,21
7,Seg_DAPI_Stitched-L52184_1M_V1_488-Sox9_568_NeuN_647-Olig2_30X_section3_A01.tif_rotated.tif.tif_rotated,623.0,70.0,L52184_1M,L52184_1M,M,KO,21
8,Seg_DAPI_Stitched-L52184_1M_V1_488-Sox9_568_NeuN_647-Olig2_30X_section3_A01.tif_rotated.tif.tif_rotated,605.0,80.0,L52184_1M,L52184_1M,M,KO,21
9,Seg_DAPI_Stitched-L52184_1M_V1_488-Sox9_568_NeuN_647-Olig2_30X_section3_A01.tif_rotated.tif.tif_rotated,549.0,90.0,L52184_1M,L52184_1M,M,KO,21
0,Seg_DAPI_Stitched-L52184_3M_V1_488-Sox9_568_NeuN_647-Olig2_30X_section1_A01.tif_rotated.tif.tif_rotated,187.0,0.0,L52184_3M,L52184_3M,M,WT,21
1,Seg_DAPI_Stitched-L52184_3M_V1_488-Sox9_568_NeuN_647-Olig2_30X_section1_A01.tif_rotated.tif.tif_rotated,464.0,10.0,L52184_3M,L52184_3M,M,WT,21
2,Seg_DAPI_Stitched-L52184_3M_V1_488-Sox9_568_NeuN_647-Olig2_30X_section1_A01.tif_rotated.tif.tif_rotated,572.0,20.0,L52184_3M,L52184_3M,M,WT,21
3,Seg_DAPI_Stitched-L52184_3M_V1_488-Sox9_568_NeuN_647-Olig2_30X_section1_A01.tif_rotated.tif.tif_rotated,594.0,30.0,L52184_3M,L52184_3M,M,WT,21
4,Seg_DAPI_Stitched-L52184_3M_V1_488-Sox9_568_NeuN_647-Olig2_30X_section1_A01.tif_rotated.tif.tif_rotated,612.0,40.0,L52184_3M,L52184_3M,M,WT,21
5,Seg_DAPI_Stitched-L52184_3M_V1_488-Sox9_568_NeuN_647-Olig2_30X_section1_A01.tif_rotated.tif.tif_rotated,535.0,50.0,L52184_3M,L52184_3M,M,WT,21
6,Seg_DAPI_Stitched-L52184_3M_V1_488-Sox9_568_NeuN_647-Olig2_30X_section1_A01.tif_rotated.tif.tif_rotated,537.0,60.0,L52184_3M,L52184_3M,M,WT,21
7,Seg_DAPI_Stitched-L52184_3M_V1_488-Sox9_568_NeuN_647-Olig2_30X_section1_A01.tif_rotated.tif.tif_rotated,594.0,70.0,L52184_3M,L52184_3M,M,WT,21
8,Seg_DAPI_Stitched-L52184_3M_V1_488-Sox9_568_NeuN_647-Olig2_30X_section1_A01.tif_rotated.tif.tif_rotated,644.0,80.0,L52184_3M,L52184_3M,M,WT,21
9,Seg_DAPI_Stitched-L52184_3M_V1_488-Sox9_568_NeuN_647-Olig2_30X_section1_A01.tif_rotated.tif.tif_rotated,649.0,90.0,L52184_3M,L52184_3M,M,WT,21
0,Seg_DAPI_Stitched-L52184_3M_V1_488-Sox9_568_NeuN_647-Olig2_30X_section2_A01.tif_rotated.tif.tif_rotated,293.0,0.0,L52184_3M,L52184_3M,M,WT,21
1,Seg_DAPI_Stitched-L52184_3M_V1_488-Sox9_568_NeuN_647-Olig2_30X_section2_A01.tif_rotated.tif.tif_rotated,548.0,10.0,L52184_3M,L52184_3M,M,WT,21
2,Seg_DAPI_Stitched-L52184_3M_V1_488-Sox9_568_NeuN_647-Olig2_30X_section2_A01.tif_rotated.tif.tif_rotated,547.0,20.0,L52184_3M,L52184_3M,M,WT,21
3,Seg_DAPI_Stitched-L52184_3M_V1_488-Sox9_568_NeuN_647-Olig2_30X_section2_A01.tif_rotated.tif.tif_rotated,587.0,30.0,L52184_3M,L52184_3M,M,WT,21
4,Seg_DAPI_Stitched-L52184_3M_V1_488-Sox9_568_NeuN_647-Olig2_30X_section2_A01.tif_rotated.tif.tif_rotated,584.0,40.0,L52184_3M,L52184_3M,M,WT,21
5,Seg_DAPI_Stitched-L52184_3M_V1_488-Sox9_568_NeuN_647-Olig2_30X_section2_A01.tif_rotated.tif.tif_rotated,512.0,50.0,L52184_3M,L52184_3M,M,WT,21
6,Seg_DAPI_Stitched-L52184_3M_V1_488-Sox9_568_NeuN_647-Olig2_30X_section2_A01.tif_rotated.tif.tif_rotated,549.0,60.0,L52184_3M,L52184_3M,M,WT,21
7,Seg_DAPI_Stitched-L52184_3M_V1_488-Sox9_568_NeuN_647-Olig2_30X_section2_A01.tif_rotated.tif.tif_rotated,629.0,70.0,L52184_3M,L52184_3M,M,WT,21
8,Seg_DAPI_Stitched-L52184_3M_V1_488-Sox9_568_NeuN_647-Olig2_30X_section2_A01.tif_rotated.tif.tif_rotated,610.0,80.0,L52184_3M,L52184_3M,M,WT,21
9,Seg_DAPI_Stitched-L52184_3M_V1_488-Sox9_568_NeuN_647-Olig2_30X_section2_A01.tif_rotated.tif.tif_rotated,614.0,90.0,L52184_3M,L52184_3M,M,WT,21
0,Seg_DAPI_Stitched-L52184_3M_V1_488-Sox9_568_NeuN_647-Olig2_30X_section3_A01.tif_rotated.tif.tif_rotated,201.0,0.0,L52184_3M,L52184_3M,M,WT,21
1,Seg_DAPI_Stitched-L52184_3M_V1_488-Sox9_568_NeuN_647-Olig2_30X_section3_A01.tif_rotated.tif.tif_rotated,493.0,10.0,L52184_3M,L52184_3M,M,WT,21
2,Seg_DAPI_Stitched-L52184_3M_V1_488-Sox9_568_NeuN_647-Olig2_30X_section3_A01.tif_rotated.tif.tif_rotated,564.0,20.0,L52184_3M,L52184_3M,M,WT,21
3,Seg_DAPI_Stitched-L52184_3M_V1_488-Sox9_568_NeuN_647-Olig2_30X_section3_A01.tif_rotated.tif.tif_rotated,546.0,30.0,L52184_3M,L52184_3M,M,WT,21
4,Seg_DAPI_Stitched-L52184_3M_V1_488-Sox9_568_NeuN_647-Olig2_30X_section3_A01.tif_rotated.tif.tif_rotated,588.0,40.0,L52184_3M,L52184_3M,M,WT,21
5,Seg_DAPI_Stitched-L52184_3M_V1_488-Sox9_568_NeuN_647-Olig2_30X_section3_A01.tif_rotated.tif.tif_rotated,537.0,50.0,L52184_3M,L52184_3M,M,WT,21
6,Seg_DAPI_Stitched-L52184_3M_V1_488-Sox9_568_NeuN_647-Olig2_30X_section3_A01.tif_rotated.tif.tif_rotated,549.0,60.0,L52184_3M,L52184_3M,M,WT,21
7,Seg_DAPI_Stitched-L52184_3M_V1_488-Sox9_568_NeuN_647-Olig2_30X_section3_A01.tif_rotated.tif.tif_rotated,576.0,70.0,L52184_3M,L52184_3M,M,WT,21
8,Seg_DAPI_Stitched-L52184_3M_V1_488-Sox9_568_NeuN_647-Olig2_30X_section3_A01.tif_rotated.tif.tif_rotated,632.0,80.0,L52184_3M,L52184_3M,M,WT,21
9,Seg_DAPI_Stitched-L52184_3M_V1_488-Sox9_568_NeuN_647-Olig2_30X_section3_A01.tif_rotated.tif.tif_rotated,628.0,90.0,L52184_3M,L52184_3M,M,WT,21
