"Animal_ID","Bin","Area","Mean","IntDen","RawIntDen","source_file","Image","Genotype","Sex","Age"
"L57343-2M",1,2031.577,10.045,20406.49,63211,"C3-MAX_TILESCANS_20250704_multi_layer_HCR_IF_set1_lif - 20250704_L57343-2M_S3L_488-S100b_594-Mfge8_647-Tnc_20X_Merged.tif_rotated.tif_subtracted.tif_AllTiles.csv"," 20250704_L57343-2M_S3L_488-S100b_594-Mfge8_647-Tnc_20X_Merged.tif_rotated.tif","KO","M",30
"L57343-2M",2,3952.747,12.865,50852.388,157520,"C3-MAX_TILESCANS_20250704_multi_layer_HCR_IF_set1_lif - 20250704_L57343-2M_S3L_488-S100b_594-Mfge8_647-Tnc_20X_Merged.tif_rotated.tif_subtracted.tif_AllTiles.csv"," 20250704_L57343-2M_S3L_488-S100b_594-Mfge8_647-Tnc_20X_Merged.tif_rotated.tif","KO","M",30
"L57343-2M",3,4775.644,9.871,47140.797,146023,"C3-MAX_TILESCANS_20250704_multi_layer_HCR_IF_set1_lif - 20250704_L57343-2M_S3L_488-S100b_594-Mfge8_647-Tnc_20X_Merged.tif_rotated.tif_subtracted.tif_AllTiles.csv"," 20250704_L57343-2M_S3L_488-S100b_594-Mfge8_647-Tnc_20X_Merged.tif_rotated.tif","KO","M",30
"L57343-2M",4,4256.531,9.706,41315.951,127980,"C3-MAX_TILESCANS_20250704_multi_layer_HCR_IF_set1_lif - 20250704_L57343-2M_S3L_488-S100b_594-Mfge8_647-Tnc_20X_Merged.tif_rotated.tif_subtracted.tif_AllTiles.csv"," 20250704_L57343-2M_S3L_488-S100b_594-Mfge8_647-Tnc_20X_Merged.tif_rotated.tif","KO","M",30
"L57343-2M",5,4533.197,10.199,46232.672,143210,"C3-MAX_TILESCANS_20250704_multi_layer_HCR_IF_set1_lif - 20250704_L57343-2M_S3L_488-S100b_594-Mfge8_647-Tnc_20X_Merged.tif_rotated.tif_subtracted.tif_AllTiles.csv"," 20250704_L57343-2M_S3L_488-S100b_594-Mfge8_647-Tnc_20X_Merged.tif_rotated.tif","KO","M",30
"L57343-2M",6,2542.619,11.499,29236.572,90563,"C3-MAX_TILESCANS_20250704_multi_layer_HCR_IF_set1_lif - 20250704_L57343-2M_S3L_488-S100b_594-Mfge8_647-Tnc_20X_Merged.tif_rotated.tif_subtracted.tif_AllTiles.csv"," 20250704_L57343-2M_S3L_488-S100b_594-Mfge8_647-Tnc_20X_Merged.tif_rotated.tif","KO","M",30
"L57343-2M",7,1852.406,12.185,22571.397,69917,"C3-MAX_TILESCANS_20250704_multi_layer_HCR_IF_set1_lif - 20250704_L57343-2M_S3L_488-S100b_594-Mfge8_647-Tnc_20X_Merged.tif_rotated.tif_subtracted.tif_AllTiles.csv"," 20250704_L57343-2M_S3L_488-S100b_594-Mfge8_647-Tnc_20X_Merged.tif_rotated.tif","KO","M",30
"L57343-2M",8,1277.444,12.696,16219.045,50240,"C3-MAX_TILESCANS_20250704_multi_layer_HCR_IF_set1_lif - 20250704_L57343-2M_S3L_488-S100b_594-Mfge8_647-Tnc_20X_Merged.tif_rotated.tif_subtracted.tif_AllTiles.csv"," 20250704_L57343-2M_S3L_488-S100b_594-Mfge8_647-Tnc_20X_Merged.tif_rotated.tif","KO","M",30
"L57343-2M",9,678.914,14.262,9682.68,29993,"C3-MAX_TILESCANS_20250704_multi_layer_HCR_IF_set1_lif - 20250704_L57343-2M_S3L_488-S100b_594-Mfge8_647-Tnc_20X_Merged.tif_rotated.tif_subtracted.tif_AllTiles.csv"," 20250704_L57343-2M_S3L_488-S100b_594-Mfge8_647-Tnc_20X_Merged.tif_rotated.tif","KO","M",30
"L57343-2M",10,29.7,15.793,469.074,1453,"C3-MAX_TILESCANS_20250704_multi_layer_HCR_IF_set1_lif - 20250704_L57343-2M_S3L_488-S100b_594-Mfge8_647-Tnc_20X_Merged.tif_rotated.tif_subtracted.tif_AllTiles.csv"," 20250704_L57343-2M_S3L_488-S100b_594-Mfge8_647-Tnc_20X_Merged.tif_rotated.tif","KO","M",30
"L57343-2M",11,25930.779,10.957,284127.066,880110,"C3-MAX_TILESCANS_20250704_multi_layer_HCR_IF_set1_lif - 20250704_L57343-2M_S3L_488-S100b_594-Mfge8_647-Tnc_20X_Merged.tif_rotated.tif_subtracted.tif_AllTiles.csv"," 20250704_L57343-2M_S3L_488-S100b_594-Mfge8_647-Tnc_20X_Merged.tif_rotated.tif","KO","M",30
"L57343-3M",1,2482.886,11.767,29217.032,90797,"C3-MAX_TILESCANS_20250704_multi_layer_HCR_IF_set1_lif - 20250704_L57343-3M_S2R_488-S100b_594-Mfge8_647-Tnc_20X_Merged.tif_rotated.tif_subtracted.tif_AllTiles.csv"," 20250704_L57343-3M_S2R_488-S100b_594-Mfge8_647-Tnc_20X_Merged.tif_rotated.tif","WT","M",30
"L57343-3M",2,1697.089,12.105,20542.698,63840,"C3-MAX_TILESCANS_20250704_multi_layer_HCR_IF_set1_lif - 20250704_L57343-3M_S2R_488-S100b_594-Mfge8_647-Tnc_20X_Merged.tif_rotated.tif_subtracted.tif_AllTiles.csv"," 20250704_L57343-3M_S2R_488-S100b_594-Mfge8_647-Tnc_20X_Merged.tif_rotated.tif","WT","M",30
"L57343-3M",3,2593.258,11.011,28553.513,88735,"C3-MAX_TILESCANS_20250704_multi_layer_HCR_IF_set1_lif - 20250704_L57343-3M_S2R_488-S100b_594-Mfge8_647-Tnc_20X_Merged.tif_rotated.tif_subtracted.tif_AllTiles.csv"," 20250704_L57343-3M_S2R_488-S100b_594-Mfge8_647-Tnc_20X_Merged.tif_rotated.tif","WT","M",30
"L57343-3M",4,3190.489,9.728,31035.756,96449,"C3-MAX_TILESCANS_20250704_multi_layer_HCR_IF_set1_lif - 20250704_L57343-3M_S2R_488-S100b_594-Mfge8_647-Tnc_20X_Merged.tif_rotated.tif_subtracted.tif_AllTiles.csv"," 20250704_L57343-3M_S2R_488-S100b_594-Mfge8_647-Tnc_20X_Merged.tif_rotated.tif","WT","M",30
"L57343-3M",5,3402.867,9.962,33898.669,105346,"C3-MAX_TILESCANS_20250704_multi_layer_HCR_IF_set1_lif - 20250704_L57343-3M_S2R_488-S100b_594-Mfge8_647-Tnc_20X_Merged.tif_rotated.tif_subtracted.tif_AllTiles.csv"," 20250704_L57343-3M_S2R_488-S100b_594-Mfge8_647-Tnc_20X_Merged.tif_rotated.tif","WT","M",30
"L57343-3M",6,2443.307,11.041,26976.128,83833,"C3-MAX_TILESCANS_20250704_multi_layer_HCR_IF_set1_lif - 20250704_L57343-3M_S2R_488-S100b_594-Mfge8_647-Tnc_20X_Merged.tif_rotated.tif_subtracted.tif_AllTiles.csv"," 20250704_L57343-3M_S2R_488-S100b_594-Mfge8_647-Tnc_20X_Merged.tif_rotated.tif","WT","M",30
"L57343-3M",7,2600.659,9.048,23531.107,73127,"C3-MAX_TILESCANS_20250704_multi_layer_HCR_IF_set1_lif - 20250704_L57343-3M_S2R_488-S100b_594-Mfge8_647-Tnc_20X_Merged.tif_rotated.tif_subtracted.tif_AllTiles.csv"," 20250704_L57343-3M_S2R_488-S100b_594-Mfge8_647-Tnc_20X_Merged.tif_rotated.tif","WT","M",30
"L57343-3M",8,2337.44,10.572,24711.733,76796,"C3-MAX_TILESCANS_20250704_multi_layer_HCR_IF_set1_lif - 20250704_L57343-3M_S2R_488-S100b_594-Mfge8_647-Tnc_20X_Merged.tif_rotated.tif_subtracted.tif_AllTiles.csv"," 20250704_L57343-3M_S2R_488-S100b_594-Mfge8_647-Tnc_20X_Merged.tif_rotated.tif","WT","M",30
"L57343-3M",9,900.03,9.325,8393.095,26083,"C3-MAX_TILESCANS_20250704_multi_layer_HCR_IF_set1_lif - 20250704_L57343-3M_S2R_488-S100b_594-Mfge8_647-Tnc_20X_Merged.tif_rotated.tif_subtracted.tif_AllTiles.csv"," 20250704_L57343-3M_S2R_488-S100b_594-Mfge8_647-Tnc_20X_Merged.tif_rotated.tif","WT","M",30
"L57343-3M",10,726.589,12.814,9310.823,28935,"C3-MAX_TILESCANS_20250704_multi_layer_HCR_IF_set1_lif - 20250704_L57343-3M_S2R_488-S100b_594-Mfge8_647-Tnc_20X_Merged.tif_rotated.tif_subtracted.tif_AllTiles.csv"," 20250704_L57343-3M_S2R_488-S100b_594-Mfge8_647-Tnc_20X_Merged.tif_rotated.tif","WT","M",30
"L57343-3M",11,22374.615,10.555,236170.554,733941,"C3-MAX_TILESCANS_20250704_multi_layer_HCR_IF_set1_lif - 20250704_L57343-3M_S2R_488-S100b_594-Mfge8_647-Tnc_20X_Merged.tif_rotated.tif_subtracted.tif_AllTiles.csv"," 20250704_L57343-3M_S2R_488-S100b_594-Mfge8_647-Tnc_20X_Merged.tif_rotated.tif","WT","M",30
"L57343-3M",1,2401.153,10.161,24398.959,75824,"C3-MAX_TILESCANS_20250704_multi_layer_HCR_IF_set1_lif - 20250704_L57343-3M_S3R_488-S100b_594-Mfge8_647-Tnc_20X_Merged.tif_rotated.tif_subtracted.tif_AllTiles.csv"," 20250704_L57343-3M_S3R_488-S100b_594-Mfge8_647-Tnc_20X_Merged.tif_rotated.tif","WT","M",30
"L57343-3M",2,2323.925,11.308,26278.178,81664,"C3-MAX_TILESCANS_20250704_multi_layer_HCR_IF_set1_lif - 20250704_L57343-3M_S3R_488-S100b_594-Mfge8_647-Tnc_20X_Merged.tif_rotated.tif_subtracted.tif_AllTiles.csv"," 20250704_L57343-3M_S3R_488-S100b_594-Mfge8_647-Tnc_20X_Merged.tif_rotated.tif","WT","M",30
"L57343-3M",3,2587.788,10.85,28078.238,87258,"C3-MAX_TILESCANS_20250704_multi_layer_HCR_IF_set1_lif - 20250704_L57343-3M_S3R_488-S100b_594-Mfge8_647-Tnc_20X_Merged.tif_rotated.tif_subtracted.tif_AllTiles.csv"," 20250704_L57343-3M_S3R_488-S100b_594-Mfge8_647-Tnc_20X_Merged.tif_rotated.tif","WT","M",30
"L57343-3M",4,2985.191,9.499,28354.973,88118,"C3-MAX_TILESCANS_20250704_multi_layer_HCR_IF_set1_lif - 20250704_L57343-3M_S3R_488-S100b_594-Mfge8_647-Tnc_20X_Merged.tif_rotated.tif_subtracted.tif_AllTiles.csv"," 20250704_L57343-3M_S3R_488-S100b_594-Mfge8_647-Tnc_20X_Merged.tif_rotated.tif","WT","M",30
"L57343-3M",5,3959.875,8.87,35124.667,109156,"C3-MAX_TILESCANS_20250704_multi_layer_HCR_IF_set1_lif - 20250704_L57343-3M_S3R_488-S100b_594-Mfge8_647-Tnc_20X_Merged.tif_rotated.tif_subtracted.tif_AllTiles.csv"," 20250704_L57343-3M_S3R_488-S100b_594-Mfge8_647-Tnc_20X_Merged.tif_rotated.tif","WT","M",30
"L57343-3M",6,2946.899,9.642,28414.824,88304,"C3-MAX_TILESCANS_20250704_multi_layer_HCR_IF_set1_lif - 20250704_L57343-3M_S3R_488-S100b_594-Mfge8_647-Tnc_20X_Merged.tif_rotated.tif_subtracted.tif_AllTiles.csv"," 20250704_L57343-3M_S3R_488-S100b_594-Mfge8_647-Tnc_20X_Merged.tif_rotated.tif","WT","M",30
"L57343-3M",7,1904.64,9.126,17381.169,54015,"C3-MAX_TILESCANS_20250704_multi_layer_HCR_IF_set1_lif - 20250704_L57343-3M_S3R_488-S100b_594-Mfge8_647-Tnc_20X_Merged.tif_rotated.tif_subtracted.tif_AllTiles.csv"," 20250704_L57343-3M_S3R_488-S100b_594-Mfge8_647-Tnc_20X_Merged.tif_rotated.tif","WT","M",30
"L57343-3M",8,2355.781,9.287,21877.137,67987,"C3-MAX_TILESCANS_20250704_multi_layer_HCR_IF_set1_lif - 20250704_L57343-3M_S3R_488-S100b_594-Mfge8_647-Tnc_20X_Merged.tif_rotated.tif_subtracted.tif_AllTiles.csv"," 20250704_L57343-3M_S3R_488-S100b_594-Mfge8_647-Tnc_20X_Merged.tif_rotated.tif","WT","M",30
"L57343-3M",9,1181.269,9.9,11694.6,36343,"C3-MAX_TILESCANS_20250704_multi_layer_HCR_IF_set1_lif - 20250704_L57343-3M_S3R_488-S100b_594-Mfge8_647-Tnc_20X_Merged.tif_rotated.tif_subtracted.tif_AllTiles.csv"," 20250704_L57343-3M_S3R_488-S100b_594-Mfge8_647-Tnc_20X_Merged.tif_rotated.tif","WT","M",30
"L57343-3M",10,742.678,11.221,8333.887,25899,"C3-MAX_TILESCANS_20250704_multi_layer_HCR_IF_set1_lif - 20250704_L57343-3M_S3R_488-S100b_594-Mfge8_647-Tnc_20X_Merged.tif_rotated.tif_subtracted.tif_AllTiles.csv"," 20250704_L57343-3M_S3R_488-S100b_594-Mfge8_647-Tnc_20X_Merged.tif_rotated.tif","WT","M",30
"L57343-3M",11,23389.2,9.831,229936.63,714568,"C3-MAX_TILESCANS_20250704_multi_layer_HCR_IF_set1_lif - 20250704_L57343-3M_S3R_488-S100b_594-Mfge8_647-Tnc_20X_Merged.tif_rotated.tif_subtracted.tif_AllTiles.csv"," 20250704_L57343-3M_S3R_488-S100b_594-Mfge8_647-Tnc_20X_Merged.tif_rotated.tif","WT","M",30
"L57343-3M",1,1955.159,10.306,20149.144,62617,"C3-MAX_TILESCANS_20250704_multi_layer_HCR_IF_set1_lif - 20250704_L57343-3M_S4L_488-S100b_594-Mfge8_647-Tnc_20X_Merged.tif_rotated.tif_subtracted.tif_AllTiles.csv"," 20250704_L57343-3M_S4L_488-S100b_594-Mfge8_647-Tnc_20X_Merged.tif_rotated.tif","WT","M",30
"L57343-3M",2,2664.693,12.143,32358.592,100560,"C3-MAX_TILESCANS_20250704_multi_layer_HCR_IF_set1_lif - 20250704_L57343-3M_S4L_488-S100b_594-Mfge8_647-Tnc_20X_Merged.tif_rotated.tif_subtracted.tif_AllTiles.csv"," 20250704_L57343-3M_S4L_488-S100b_594-Mfge8_647-Tnc_20X_Merged.tif_rotated.tif","WT","M",30
"L57343-3M",3,2235.111,10.419,23286.86,72368,"C3-MAX_TILESCANS_20250704_multi_layer_HCR_IF_set1_lif - 20250704_L57343-3M_S4L_488-S100b_594-Mfge8_647-Tnc_20X_Merged.tif_rotated.tif_subtracted.tif_AllTiles.csv"," 20250704_L57343-3M_S4L_488-S100b_594-Mfge8_647-Tnc_20X_Merged.tif_rotated.tif","WT","M",30
"L57343-3M",4,3229.102,10.829,34969.225,108673,"C3-MAX_TILESCANS_20250704_multi_layer_HCR_IF_set1_lif - 20250704_L57343-3M_S4L_488-S100b_594-Mfge8_647-Tnc_20X_Merged.tif_rotated.tif_subtracted.tif_AllTiles.csv"," 20250704_L57343-3M_S4L_488-S100b_594-Mfge8_647-Tnc_20X_Merged.tif_rotated.tif","WT","M",30
"L57343-3M",5,3943.784,9.982,39368.333,122344,"C3-MAX_TILESCANS_20250704_multi_layer_HCR_IF_set1_lif - 20250704_L57343-3M_S4L_488-S100b_594-Mfge8_647-Tnc_20X_Merged.tif_rotated.tif_subtracted.tif_AllTiles.csv"," 20250704_L57343-3M_S4L_488-S100b_594-Mfge8_647-Tnc_20X_Merged.tif_rotated.tif","WT","M",30
"L57343-3M",6,2688.827,10.33,27776.067,86319,"C3-MAX_TILESCANS_20250704_multi_layer_HCR_IF_set1_lif - 20250704_L57343-3M_S4L_488-S100b_594-Mfge8_647-Tnc_20X_Merged.tif_rotated.tif_subtracted.tif_AllTiles.csv"," 20250704_L57343-3M_S4L_488-S100b_594-Mfge8_647-Tnc_20X_Merged.tif_rotated.tif","WT","M",30
"L57343-3M",7,2426.573,9.779,23730.6,73747,"C3-MAX_TILESCANS_20250704_multi_layer_HCR_IF_set1_lif - 20250704_L57343-3M_S4L_488-S100b_594-Mfge8_647-Tnc_20X_Merged.tif_rotated.tif_subtracted.tif_AllTiles.csv"," 20250704_L57343-3M_S4L_488-S100b_594-Mfge8_647-Tnc_20X_Merged.tif_rotated.tif","WT","M",30
"L57343-3M",8,2212.908,10.014,22159.972,68866,"C3-MAX_TILESCANS_20250704_multi_layer_HCR_IF_set1_lif - 20250704_L57343-3M_S4L_488-S100b_594-Mfge8_647-Tnc_20X_Merged.tif_rotated.tif_subtracted.tif_AllTiles.csv"," 20250704_L57343-3M_S4L_488-S100b_594-Mfge8_647-Tnc_20X_Merged.tif_rotated.tif","WT","M",30
"L57343-3M",9,949.584,11.315,10745.009,33392,"C3-MAX_TILESCANS_20250704_multi_layer_HCR_IF_set1_lif - 20250704_L57343-3M_S4L_488-S100b_594-Mfge8_647-Tnc_20X_Merged.tif_rotated.tif_subtracted.tif_AllTiles.csv"," 20250704_L57343-3M_S4L_488-S100b_594-Mfge8_647-Tnc_20X_Merged.tif_rotated.tif","WT","M",30
"L57343-3M",10,736.563,11.82,8705.864,27055,"C3-MAX_TILESCANS_20250704_multi_layer_HCR_IF_set1_lif - 20250704_L57343-3M_S4L_488-S100b_594-Mfge8_647-Tnc_20X_Merged.tif_rotated.tif_subtracted.tif_AllTiles.csv"," 20250704_L57343-3M_S4L_488-S100b_594-Mfge8_647-Tnc_20X_Merged.tif_rotated.tif","WT","M",30
"L57343-3M",11,23042.304,10.557,243249.667,755941,"C3-MAX_TILESCANS_20250704_multi_layer_HCR_IF_set1_lif - 20250704_L57343-3M_S4L_488-S100b_594-Mfge8_647-Tnc_20X_Merged.tif_rotated.tif_subtracted.tif_AllTiles.csv"," 20250704_L57343-3M_S4L_488-S100b_594-Mfge8_647-Tnc_20X_Merged.tif_rotated.tif","WT","M",30
"L57343-6M",1,889.089,9.901,8802.721,27356,"C3-MAX_TILESCANS_20250704_multi_layer_HCR_IF_set1_lif - 20250704_L57343-6M_S3R_488-S100b_594-Mfge8_647-Tnc_20X_Merged.tif_rotated.tif_subtracted.tif_AllTiles.csv"," 20250704_L57343-6M_S3R_488-S100b_594-Mfge8_647-Tnc_20X_Merged.tif_rotated.tif","KO","M",30
"L57343-6M",2,746.217,11.788,8796.286,27336,"C3-MAX_TILESCANS_20250704_multi_layer_HCR_IF_set1_lif - 20250704_L57343-6M_S3R_488-S100b_594-Mfge8_647-Tnc_20X_Merged.tif_rotated.tif_subtracted.tif_AllTiles.csv"," 20250704_L57343-6M_S3R_488-S100b_594-Mfge8_647-Tnc_20X_Merged.tif_rotated.tif","KO","M",30
"L57343-6M",3,2430.756,12.176,29596.399,91976,"C3-MAX_TILESCANS_20250704_multi_layer_HCR_IF_set1_lif - 20250704_L57343-6M_S3R_488-S100b_594-Mfge8_647-Tnc_20X_Merged.tif_rotated.tif_subtracted.tif_AllTiles.csv"," 20250704_L57343-6M_S3R_488-S100b_594-Mfge8_647-Tnc_20X_Merged.tif_rotated.tif","KO","M",30
"L57343-6M",4,3673.164,11.15,40955.372,127276,"C3-MAX_TILESCANS_20250704_multi_layer_HCR_IF_set1_lif - 20250704_L57343-6M_S3R_488-S100b_594-Mfge8_647-Tnc_20X_Merged.tif_rotated.tif_subtracted.tif_AllTiles.csv"," 20250704_L57343-6M_S3R_488-S100b_594-Mfge8_647-Tnc_20X_Merged.tif_rotated.tif","KO","M",30
"L57343-6M",5,3941.853,10.808,42604.514,132401,"C3-MAX_TILESCANS_20250704_multi_layer_HCR_IF_set1_lif - 20250704_L57343-6M_S3R_488-S100b_594-Mfge8_647-Tnc_20X_Merged.tif_rotated.tif_subtracted.tif_AllTiles.csv"," 20250704_L57343-6M_S3R_488-S100b_594-Mfge8_647-Tnc_20X_Merged.tif_rotated.tif","KO","M",30
"L57343-6M",6,3498.757,11.165,39065.213,121402,"C3-MAX_TILESCANS_20250704_multi_layer_HCR_IF_set1_lif - 20250704_L57343-6M_S3R_488-S100b_594-Mfge8_647-Tnc_20X_Merged.tif_rotated.tif_subtracted.tif_AllTiles.csv"," 20250704_L57343-6M_S3R_488-S100b_594-Mfge8_647-Tnc_20X_Merged.tif_rotated.tif","KO","M",30
"L57343-6M",7,3566.331,11.065,39462.938,122638,"C3-MAX_TILESCANS_20250704_multi_layer_HCR_IF_set1_lif - 20250704_L57343-6M_S3R_488-S100b_594-Mfge8_647-Tnc_20X_Merged.tif_rotated.tif_subtracted.tif_AllTiles.csv"," 20250704_L57343-6M_S3R_488-S100b_594-Mfge8_647-Tnc_20X_Merged.tif_rotated.tif","KO","M",30
"L57343-6M",8,3189.522,10.559,33679.193,104664,"C3-MAX_TILESCANS_20250704_multi_layer_HCR_IF_set1_lif - 20250704_L57343-6M_S3R_488-S100b_594-Mfge8_647-Tnc_20X_Merged.tif_rotated.tif_subtracted.tif_AllTiles.csv"," 20250704_L57343-6M_S3R_488-S100b_594-Mfge8_647-Tnc_20X_Merged.tif_rotated.tif","KO","M",30
"L57343-6M",9,1071.54,13.882,14874.784,46226,"C3-MAX_TILESCANS_20250704_multi_layer_HCR_IF_set1_lif - 20250704_L57343-6M_S3R_488-S100b_594-Mfge8_647-Tnc_20X_Merged.tif_rotated.tif_subtracted.tif_AllTiles.csv"," 20250704_L57343-6M_S3R_488-S100b_594-Mfge8_647-Tnc_20X_Merged.tif_rotated.tif","KO","M",30
"L57343-6M",10,490.399,14.606,7162.91,22260,"C3-MAX_TILESCANS_20250704_multi_layer_HCR_IF_set1_lif - 20250704_L57343-6M_S3R_488-S100b_594-Mfge8_647-Tnc_20X_Merged.tif_rotated.tif_subtracted.tif_AllTiles.csv"," 20250704_L57343-6M_S3R_488-S100b_594-Mfge8_647-Tnc_20X_Merged.tif_rotated.tif","KO","M",30
"L57343-6M",11,23466.415,11.277,264637.679,822408,"C3-MAX_TILESCANS_20250704_multi_layer_HCR_IF_set1_lif - 20250704_L57343-6M_S3R_488-S100b_594-Mfge8_647-Tnc_20X_Merged.tif_rotated.tif_subtracted.tif_AllTiles.csv"," 20250704_L57343-6M_S3R_488-S100b_594-Mfge8_647-Tnc_20X_Merged.tif_rotated.tif","KO","M",30
"L57343-6M",1,1206.69,10.542,12721.406,39534,"C3-MAX_TILESCANS_20250704_multi_layer_HCR_IF_set1_lif - 20250704_L57343-6M_S6R_488-S100b_594-Mfge8_647-Tnc_20X_Merged.tif_rotated.tif_subtracted.tif_AllTiles.csv"," 20250704_L57343-6M_S6R_488-S100b_594-Mfge8_647-Tnc_20X_Merged.tif_rotated.tif","KO","M",30
"L57343-6M",2,821.193,13.462,11054.565,34354,"C3-MAX_TILESCANS_20250704_multi_layer_HCR_IF_set1_lif - 20250704_L57343-6M_S6R_488-S100b_594-Mfge8_647-Tnc_20X_Merged.tif_rotated.tif_subtracted.tif_AllTiles.csv"," 20250704_L57343-6M_S6R_488-S100b_594-Mfge8_647-Tnc_20X_Merged.tif_rotated.tif","KO","M",30
"L57343-6M",3,2404.691,10.195,24515.109,76185,"C3-MAX_TILESCANS_20250704_multi_layer_HCR_IF_set1_lif - 20250704_L57343-6M_S6R_488-S100b_594-Mfge8_647-Tnc_20X_Merged.tif_rotated.tif_subtracted.tif_AllTiles.csv"," 20250704_L57343-6M_S6R_488-S100b_594-Mfge8_647-Tnc_20X_Merged.tif_rotated.tif","KO","M",30
"L57343-6M",4,5011.463,10.283,51531.122,160142,"C3-MAX_TILESCANS_20250704_multi_layer_HCR_IF_set1_lif - 20250704_L57343-6M_S6R_488-S100b_594-Mfge8_647-Tnc_20X_Merged.tif_rotated.tif_subtracted.tif_AllTiles.csv"," 20250704_L57343-6M_S6R_488-S100b_594-Mfge8_647-Tnc_20X_Merged.tif_rotated.tif","KO","M",30
"L57343-6M",5,3668.659,9.875,36226.757,112581,"C3-MAX_TILESCANS_20250704_multi_layer_HCR_IF_set1_lif - 20250704_L57343-6M_S6R_488-S100b_594-Mfge8_647-Tnc_20X_Merged.tif_rotated.tif_subtracted.tif_AllTiles.csv"," 20250704_L57343-6M_S6R_488-S100b_594-Mfge8_647-Tnc_20X_Merged.tif_rotated.tif","KO","M",30
"L57343-6M",6,3322.097,11.312,37579.536,116785,"C3-MAX_TILESCANS_20250704_multi_layer_HCR_IF_set1_lif - 20250704_L57343-6M_S6R_488-S100b_594-Mfge8_647-Tnc_20X_Merged.tif_rotated.tif_subtracted.tif_AllTiles.csv"," 20250704_L57343-6M_S6R_488-S100b_594-Mfge8_647-Tnc_20X_Merged.tif_rotated.tif","KO","M",30
"L57343-6M",7,3263.854,10.944,35718.66,111002,"C3-MAX_TILESCANS_20250704_multi_layer_HCR_IF_set1_lif - 20250704_L57343-6M_S6R_488-S100b_594-Mfge8_647-Tnc_20X_Merged.tif_rotated.tif_subtracted.tif_AllTiles.csv"," 20250704_L57343-6M_S6R_488-S100b_594-Mfge8_647-Tnc_20X_Merged.tif_rotated.tif","KO","M",30
"L57343-6M",8,3034.422,10.731,32563.568,101197,"C3-MAX_TILESCANS_20250704_multi_layer_HCR_IF_set1_lif - 20250704_L57343-6M_S6R_488-S100b_594-Mfge8_647-Tnc_20X_Merged.tif_rotated.tif_subtracted.tif_AllTiles.csv"," 20250704_L57343-6M_S6R_488-S100b_594-Mfge8_647-Tnc_20X_Merged.tif_rotated.tif","KO","M",30
"L57343-6M",9,1368.547,12.111,16574.769,51509,"C3-MAX_TILESCANS_20250704_multi_layer_HCR_IF_set1_lif - 20250704_L57343-6M_S6R_488-S100b_594-Mfge8_647-Tnc_20X_Merged.tif_rotated.tif_subtracted.tif_AllTiles.csv"," 20250704_L57343-6M_S6R_488-S100b_594-Mfge8_647-Tnc_20X_Merged.tif_rotated.tif","KO","M",30
"L57343-6M",10,1317.383,14.128,18611.661,57839,"C3-MAX_TILESCANS_20250704_multi_layer_HCR_IF_set1_lif - 20250704_L57343-6M_S6R_488-S100b_594-Mfge8_647-Tnc_20X_Merged.tif_rotated.tif_subtracted.tif_AllTiles.csv"," 20250704_L57343-6M_S6R_488-S100b_594-Mfge8_647-Tnc_20X_Merged.tif_rotated.tif","KO","M",30
"L57343-6M",11,25419,10.901,277097.153,861128,"C3-MAX_TILESCANS_20250704_multi_layer_HCR_IF_set1_lif - 20250704_L57343-6M_S6R_488-S100b_594-Mfge8_647-Tnc_20X_Merged.tif_rotated.tif_subtracted.tif_AllTiles.csv"," 20250704_L57343-6M_S6R_488-S100b_594-Mfge8_647-Tnc_20X_Merged.tif_rotated.tif","KO","M",30
"L57343-8F",1,1048.879,7.159,7509.056,23260,"C3-MAX_TILESCANS_20250704_multi_layer_HCR_IF_set1_lif - 20250704_L57343-8F_S6L_488-S100b_594-Mfge8_647-Tnc_20X_Merged.tif_rotated.tif_subtracted.tif_AllTiles.csv"," 20250704_L57343-8F_S6L_488-S100b_594-Mfge8_647-Tnc_20X_Merged.tif_rotated.tif","WT","F",30
"L57343-8F",2,862.282,8.195,7066.455,21889,"C3-MAX_TILESCANS_20250704_multi_layer_HCR_IF_set1_lif - 20250704_L57343-8F_S6L_488-S100b_594-Mfge8_647-Tnc_20X_Merged.tif_rotated.tif_subtracted.tif_AllTiles.csv"," 20250704_L57343-8F_S6L_488-S100b_594-Mfge8_647-Tnc_20X_Merged.tif_rotated.tif","WT","F",30
"L57343-8F",3,1316.183,7.496,9865.725,30560,"C3-MAX_TILESCANS_20250704_multi_layer_HCR_IF_set1_lif - 20250704_L57343-8F_S6L_488-S100b_594-Mfge8_647-Tnc_20X_Merged.tif_rotated.tif_subtracted.tif_AllTiles.csv"," 20250704_L57343-8F_S6L_488-S100b_594-Mfge8_647-Tnc_20X_Merged.tif_rotated.tif","WT","F",30
"L57343-8F",4,2146.183,6.717,14415.387,44653,"C3-MAX_TILESCANS_20250704_multi_layer_HCR_IF_set1_lif - 20250704_L57343-8F_S6L_488-S100b_594-Mfge8_647-Tnc_20X_Merged.tif_rotated.tif_subtracted.tif_AllTiles.csv"," 20250704_L57343-8F_S6L_488-S100b_594-Mfge8_647-Tnc_20X_Merged.tif_rotated.tif","WT","F",30
"L57343-8F",5,2529.06,6.885,17411.584,53934,"C3-MAX_TILESCANS_20250704_multi_layer_HCR_IF_set1_lif - 20250704_L57343-8F_S6L_488-S100b_594-Mfge8_647-Tnc_20X_Merged.tif_rotated.tif_subtracted.tif_AllTiles.csv"," 20250704_L57343-8F_S6L_488-S100b_594-Mfge8_647-Tnc_20X_Merged.tif_rotated.tif","WT","F",30
"L57343-8F",6,3218.628,6.772,21796.925,67518,"C3-MAX_TILESCANS_20250704_multi_layer_HCR_IF_set1_lif - 20250704_L57343-8F_S6L_488-S100b_594-Mfge8_647-Tnc_20X_Merged.tif_rotated.tif_subtracted.tif_AllTiles.csv"," 20250704_L57343-8F_S6L_488-S100b_594-Mfge8_647-Tnc_20X_Merged.tif_rotated.tif","WT","F",30
"L57343-8F",7,2310.827,6.52,15066.537,46670,"C3-MAX_TILESCANS_20250704_multi_layer_HCR_IF_set1_lif - 20250704_L57343-8F_S6L_488-S100b_594-Mfge8_647-Tnc_20X_Merged.tif_rotated.tif_subtracted.tif_AllTiles.csv"," 20250704_L57343-8F_S6L_488-S100b_594-Mfge8_647-Tnc_20X_Merged.tif_rotated.tif","WT","F",30
"L57343-8F",8,2322.448,6.664,15477.179,47942,"C3-MAX_TILESCANS_20250704_multi_layer_HCR_IF_set1_lif - 20250704_L57343-8F_S6L_488-S100b_594-Mfge8_647-Tnc_20X_Merged.tif_rotated.tif_subtracted.tif_AllTiles.csv"," 20250704_L57343-8F_S6L_488-S100b_594-Mfge8_647-Tnc_20X_Merged.tif_rotated.tif","WT","F",30
"L57343-8F",9,1700.353,7.551,12839.001,39770,"C3-MAX_TILESCANS_20250704_multi_layer_HCR_IF_set1_lif - 20250704_L57343-8F_S6L_488-S100b_594-Mfge8_647-Tnc_20X_Merged.tif_rotated.tif_subtracted.tif_AllTiles.csv"," 20250704_L57343-8F_S6L_488-S100b_594-Mfge8_647-Tnc_20X_Merged.tif_rotated.tif","WT","F",30
"L57343-8F",10,1830.131,10.069,18427.534,57081,"C3-MAX_TILESCANS_20250704_multi_layer_HCR_IF_set1_lif - 20250704_L57343-8F_S6L_488-S100b_594-Mfge8_647-Tnc_20X_Merged.tif_rotated.tif_subtracted.tif_AllTiles.csv"," 20250704_L57343-8F_S6L_488-S100b_594-Mfge8_647-Tnc_20X_Merged.tif_rotated.tif","WT","F",30
"L57343-8F",11,19264.313,7.253,139717.518,432788,"C3-MAX_TILESCANS_20250704_multi_layer_HCR_IF_set1_lif - 20250704_L57343-8F_S6L_488-S100b_594-Mfge8_647-Tnc_20X_Merged.tif_rotated.tif_subtracted.tif_AllTiles.csv"," 20250704_L57343-8F_S6L_488-S100b_594-Mfge8_647-Tnc_20X_Merged.tif_rotated.tif","WT","F",30
"L58201-6F",1,1508.201,8.517,12845.936,39921,"C3-MAX_TILESCANS_20250704_multi_layer_HCR_IF_set1_lif - 20250704_L58201-6F_S4L_488-S100b_594-Mfge8_647-Tnc_20X_Merged.tif_rotated.tif_subtracted.tif_AllTiles.csv"," 20250704_L58201-6F_S4L_488-S100b_594-Mfge8_647-Tnc_20X_Merged.tif_rotated.tif","KO","F",30
"L58201-6F",2,990.451,11.772,11659.519,36234,"C3-MAX_TILESCANS_20250704_multi_layer_HCR_IF_set1_lif - 20250704_L58201-6F_S4L_488-S100b_594-Mfge8_647-Tnc_20X_Merged.tif_rotated.tif_subtracted.tif_AllTiles.csv"," 20250704_L58201-6F_S4L_488-S100b_594-Mfge8_647-Tnc_20X_Merged.tif_rotated.tif","KO","F",30
"L58201-6F",3,2800.164,9.918,27771.24,86304,"C3-MAX_TILESCANS_20250704_multi_layer_HCR_IF_set1_lif - 20250704_L58201-6F_S4L_488-S100b_594-Mfge8_647-Tnc_20X_Merged.tif_rotated.tif_subtracted.tif_AllTiles.csv"," 20250704_L58201-6F_S4L_488-S100b_594-Mfge8_647-Tnc_20X_Merged.tif_rotated.tif","KO","F",30
"L58201-6F",4,2765.411,10.019,27706.562,86103,"C3-MAX_TILESCANS_20250704_multi_layer_HCR_IF_set1_lif - 20250704_L58201-6F_S4L_488-S100b_594-Mfge8_647-Tnc_20X_Merged.tif_rotated.tif_subtracted.tif_AllTiles.csv"," 20250704_L58201-6F_S4L_488-S100b_594-Mfge8_647-Tnc_20X_Merged.tif_rotated.tif","KO","F",30
"L58201-6F",5,2336.795,11.125,25996.602,80789,"C3-MAX_TILESCANS_20250704_multi_layer_HCR_IF_set1_lif - 20250704_L58201-6F_S4L_488-S100b_594-Mfge8_647-Tnc_20X_Merged.tif_rotated.tif_subtracted.tif_AllTiles.csv"," 20250704_L58201-6F_S4L_488-S100b_594-Mfge8_647-Tnc_20X_Merged.tif_rotated.tif","KO","F",30
"L58201-6F",6,1831.272,10.289,18841.736,58554,"C3-MAX_TILESCANS_20250704_multi_layer_HCR_IF_set1_lif - 20250704_L58201-6F_S4L_488-S100b_594-Mfge8_647-Tnc_20X_Merged.tif_rotated.tif_subtracted.tif_AllTiles.csv"," 20250704_L58201-6F_S4L_488-S100b_594-Mfge8_647-Tnc_20X_Merged.tif_rotated.tif","KO","F",30
"L58201-6F",7,1287.779,10.902,14039.433,43630,"C3-MAX_TILESCANS_20250704_multi_layer_HCR_IF_set1_lif - 20250704_L58201-6F_S4L_488-S100b_594-Mfge8_647-Tnc_20X_Merged.tif_rotated.tif_subtracted.tif_AllTiles.csv"," 20250704_L58201-6F_S4L_488-S100b_594-Mfge8_647-Tnc_20X_Merged.tif_rotated.tif","KO","F",30
"L58201-6F",8,1510.776,10.396,15706.274,48810,"C3-MAX_TILESCANS_20250704_multi_layer_HCR_IF_set1_lif - 20250704_L58201-6F_S4L_488-S100b_594-Mfge8_647-Tnc_20X_Merged.tif_rotated.tif_subtracted.tif_AllTiles.csv"," 20250704_L58201-6F_S4L_488-S100b_594-Mfge8_647-Tnc_20X_Merged.tif_rotated.tif","KO","F",30
"L58201-6F",9,664.162,12.078,8021.43,24928,"C3-MAX_TILESCANS_20250704_multi_layer_HCR_IF_set1_lif - 20250704_L58201-6F_S4L_488-S100b_594-Mfge8_647-Tnc_20X_Merged.tif_rotated.tif_subtracted.tif_AllTiles.csv"," 20250704_L58201-6F_S4L_488-S100b_594-Mfge8_647-Tnc_20X_Merged.tif_rotated.tif","KO","F",30
"L58201-6F",10,569.236,14.627,8326.159,25875,"C3-MAX_TILESCANS_20250704_multi_layer_HCR_IF_set1_lif - 20250704_L58201-6F_S4L_488-S100b_594-Mfge8_647-Tnc_20X_Merged.tif_rotated.tif_subtracted.tif_AllTiles.csv"," 20250704_L58201-6F_S4L_488-S100b_594-Mfge8_647-Tnc_20X_Merged.tif_rotated.tif","KO","F",30
"L58201-6F",11,16264.247,10.509,170914.891,531148,"C3-MAX_TILESCANS_20250704_multi_layer_HCR_IF_set1_lif - 20250704_L58201-6F_S4L_488-S100b_594-Mfge8_647-Tnc_20X_Merged.tif_rotated.tif_subtracted.tif_AllTiles.csv"," 20250704_L58201-6F_S4L_488-S100b_594-Mfge8_647-Tnc_20X_Merged.tif_rotated.tif","KO","F",30
"L58201-6F",1,3608.167,9.395,33899.976,105350,"C3-MAX_TILESCANS_20250704_multi_layer_HCR_IF_set1_lif - 20250704_L58201-6F_S4R_488-S100b_594-Mfge8_647-Tnc_20X_Merged.tif_rotated.tif_subtracted.tif_AllTiles.csv"," 20250704_L58201-6F_S4R_488-S100b_594-Mfge8_647-Tnc_20X_Merged.tif_rotated.tif","KO","F",30
"L58201-6F",2,3296.68,12.8,42196.218,131132,"C3-MAX_TILESCANS_20250704_multi_layer_HCR_IF_set1_lif - 20250704_L58201-6F_S4R_488-S100b_594-Mfge8_647-Tnc_20X_Merged.tif_rotated.tif_subtracted.tif_AllTiles.csv"," 20250704_L58201-6F_S4R_488-S100b_594-Mfge8_647-Tnc_20X_Merged.tif_rotated.tif","KO","F",30
"L58201-6F",3,4611.169,10.027,46237.186,143690,"C3-MAX_TILESCANS_20250704_multi_layer_HCR_IF_set1_lif - 20250704_L58201-6F_S4R_488-S100b_594-Mfge8_647-Tnc_20X_Merged.tif_rotated.tif_subtracted.tif_AllTiles.csv"," 20250704_L58201-6F_S4R_488-S100b_594-Mfge8_647-Tnc_20X_Merged.tif_rotated.tif","KO","F",30
"L58201-6F",4,4085.052,10.618,43374.592,134794,"C3-MAX_TILESCANS_20250704_multi_layer_HCR_IF_set1_lif - 20250704_L58201-6F_S4R_488-S100b_594-Mfge8_647-Tnc_20X_Merged.tif_rotated.tif_subtracted.tif_AllTiles.csv"," 20250704_L58201-6F_S4R_488-S100b_594-Mfge8_647-Tnc_20X_Merged.tif_rotated.tif","KO","F",30
"L58201-6F",5,3852.08,10.723,41305.519,128364,"C3-MAX_TILESCANS_20250704_multi_layer_HCR_IF_set1_lif - 20250704_L58201-6F_S4R_488-S100b_594-Mfge8_647-Tnc_20X_Merged.tif_rotated.tif_subtracted.tif_AllTiles.csv"," 20250704_L58201-6F_S4R_488-S100b_594-Mfge8_647-Tnc_20X_Merged.tif_rotated.tif","KO","F",30
"L58201-6F",6,1609.565,13.041,20990.633,65232,"C3-MAX_TILESCANS_20250704_multi_layer_HCR_IF_set1_lif - 20250704_L58201-6F_S4R_488-S100b_594-Mfge8_647-Tnc_20X_Merged.tif_rotated.tif_subtracted.tif_AllTiles.csv"," 20250704_L58201-6F_S4R_488-S100b_594-Mfge8_647-Tnc_20X_Merged.tif_rotated.tif","KO","F",30
"L58201-6F",7,1328.647,13.456,17878.014,55559,"C3-MAX_TILESCANS_20250704_multi_layer_HCR_IF_set1_lif - 20250704_L58201-6F_S4R_488-S100b_594-Mfge8_647-Tnc_20X_Merged.tif_rotated.tif_subtracted.tif_AllTiles.csv"," 20250704_L58201-6F_S4R_488-S100b_594-Mfge8_647-Tnc_20X_Merged.tif_rotated.tif","KO","F",30
"L58201-6F",8,1389.465,12.236,17002.117,52837,"C3-MAX_TILESCANS_20250704_multi_layer_HCR_IF_set1_lif - 20250704_L58201-6F_S4R_488-S100b_594-Mfge8_647-Tnc_20X_Merged.tif_rotated.tif_subtracted.tif_AllTiles.csv"," 20250704_L58201-6F_S4R_488-S100b_594-Mfge8_647-Tnc_20X_Merged.tif_rotated.tif","KO","F",30
"L58201-6F",9,712.109,15.134,10776.878,33491,"C3-MAX_TILESCANS_20250704_multi_layer_HCR_IF_set1_lif - 20250704_L58201-6F_S4R_488-S100b_594-Mfge8_647-Tnc_20X_Merged.tif_rotated.tif_subtracted.tif_AllTiles.csv"," 20250704_L58201-6F_S4R_488-S100b_594-Mfge8_647-Tnc_20X_Merged.tif_rotated.tif","KO","F",30
"L58201-6F",10,514.533,18.285,9408.329,29238,"C3-MAX_TILESCANS_20250704_multi_layer_HCR_IF_set1_lif - 20250704_L58201-6F_S4R_488-S100b_594-Mfge8_647-Tnc_20X_Merged.tif_rotated.tif_subtracted.tif_AllTiles.csv"," 20250704_L58201-6F_S4R_488-S100b_594-Mfge8_647-Tnc_20X_Merged.tif_rotated.tif","KO","F",30
"L58201-6F",11,24919.619,11.323,282160.1,876861,"C3-MAX_TILESCANS_20250704_multi_layer_HCR_IF_set1_lif - 20250704_L58201-6F_S4R_488-S100b_594-Mfge8_647-Tnc_20X_Merged.tif_rotated.tif_subtracted.tif_AllTiles.csv"," 20250704_L58201-6F_S4R_488-S100b_594-Mfge8_647-Tnc_20X_Merged.tif_rotated.tif","KO","F",30
"L58201-6F",1,850.19,8.687,7385.481,22803,"C3-MAX_TILESCANS_20250704_multi_layer_HCR_IF_set1_lif - 20250704_L58201-6F_S5L_488-S100b_594-Mfge8_647-Tnc_20X_Merged.tif_rotated.tif_subtracted.tif_AllTiles.csv"," 20250704_L58201-6F_S5L_488-S100b_594-Mfge8_647-Tnc_20X_Merged.tif_rotated.tif","KO","F",30
"L58201-6F",2,1342.167,11.482,15410.628,47581,"C3-MAX_TILESCANS_20250704_multi_layer_HCR_IF_set1_lif - 20250704_L58201-6F_S5L_488-S100b_594-Mfge8_647-Tnc_20X_Merged.tif_rotated.tif_subtracted.tif_AllTiles.csv"," 20250704_L58201-6F_S5L_488-S100b_594-Mfge8_647-Tnc_20X_Merged.tif_rotated.tif","KO","F",30
"L58201-6F",3,2929.512,11.415,33440.814,103250,"C3-MAX_TILESCANS_20250704_multi_layer_HCR_IF_set1_lif - 20250704_L58201-6F_S5L_488-S100b_594-Mfge8_647-Tnc_20X_Merged.tif_rotated.tif_subtracted.tif_AllTiles.csv"," 20250704_L58201-6F_S5L_488-S100b_594-Mfge8_647-Tnc_20X_Merged.tif_rotated.tif","KO","F",30
"L58201-6F",4,3867.799,10.373,40120.879,123875,"C3-MAX_TILESCANS_20250704_multi_layer_HCR_IF_set1_lif - 20250704_L58201-6F_S5L_488-S100b_594-Mfge8_647-Tnc_20X_Merged.tif_rotated.tif_subtracted.tif_AllTiles.csv"," 20250704_L58201-6F_S5L_488-S100b_594-Mfge8_647-Tnc_20X_Merged.tif_rotated.tif","KO","F",30
"L58201-6F",5,5117.983,10.43,53381.579,164818,"C3-MAX_TILESCANS_20250704_multi_layer_HCR_IF_set1_lif - 20250704_L58201-6F_S5L_488-S100b_594-Mfge8_647-Tnc_20X_Merged.tif_rotated.tif_subtracted.tif_AllTiles.csv"," 20250704_L58201-6F_S5L_488-S100b_594-Mfge8_647-Tnc_20X_Merged.tif_rotated.tif","KO","F",30
"L58201-6F",6,3814.682,9.849,37569.013,115996,"C3-MAX_TILESCANS_20250704_multi_layer_HCR_IF_set1_lif - 20250704_L58201-6F_S5L_488-S100b_594-Mfge8_647-Tnc_20X_Merged.tif_rotated.tif_subtracted.tif_AllTiles.csv"," 20250704_L58201-6F_S5L_488-S100b_594-Mfge8_647-Tnc_20X_Merged.tif_rotated.tif","KO","F",30
"L58201-6F",7,2297.619,11.132,25576.635,78969,"C3-MAX_TILESCANS_20250704_multi_layer_HCR_IF_set1_lif - 20250704_L58201-6F_S5L_488-S100b_594-Mfge8_647-Tnc_20X_Merged.tif_rotated.tif_subtracted.tif_AllTiles.csv"," 20250704_L58201-6F_S5L_488-S100b_594-Mfge8_647-Tnc_20X_Merged.tif_rotated.tif","KO","F",30
"L58201-6F",8,3271.208,10.46,34217.159,105647,"C3-MAX_TILESCANS_20250704_multi_layer_HCR_IF_set1_lif - 20250704_L58201-6F_S5L_488-S100b_594-Mfge8_647-Tnc_20X_Merged.tif_rotated.tif_subtracted.tif_AllTiles.csv"," 20250704_L58201-6F_S5L_488-S100b_594-Mfge8_647-Tnc_20X_Merged.tif_rotated.tif","KO","F",30
"L58201-6F",9,2223.45,11.94,26547.957,81968,"C3-MAX_TILESCANS_20250704_multi_layer_HCR_IF_set1_lif - 20250704_L58201-6F_S5L_488-S100b_594-Mfge8_647-Tnc_20X_Merged.tif_rotated.tif_subtracted.tif_AllTiles.csv"," 20250704_L58201-6F_S5L_488-S100b_594-Mfge8_647-Tnc_20X_Merged.tif_rotated.tif","KO","F",30
"L58201-6F",10,1180.874,14.253,16831.498,51968,"C3-MAX_TILESCANS_20250704_multi_layer_HCR_IF_set1_lif - 20250704_L58201-6F_S5L_488-S100b_594-Mfge8_647-Tnc_20X_Merged.tif_rotated.tif_subtracted.tif_AllTiles.csv"," 20250704_L58201-6F_S5L_488-S100b_594-Mfge8_647-Tnc_20X_Merged.tif_rotated.tif","KO","F",30
"L58201-6F",11,26847.548,10.799,289938.494,895198,"C3-MAX_TILESCANS_20250704_multi_layer_HCR_IF_set1_lif - 20250704_L58201-6F_S5L_488-S100b_594-Mfge8_647-Tnc_20X_Merged.tif_rotated.tif_subtracted.tif_AllTiles.csv"," 20250704_L58201-6F_S5L_488-S100b_594-Mfge8_647-Tnc_20X_Merged.tif_rotated.tif","KO","F",30
